start_time,away_team,away_team_score,home_team,home_team_score,home_team_win?
2019-10-23 00:00:00+00:00,NEW ORLEANS PELICANS,122,TORONTO RAPTORS,130,True
2019-10-23 02:30:00+00:00,LOS ANGELES LAKERS,102,LOS ANGELES CLIPPERS,112,True
2019-10-23 23:00:00+00:00,CHICAGO BULLS,125,CHARLOTTE HORNETS,126,True
2019-10-23 23:00:00+00:00,DETROIT PISTONS,119,INDIANA PACERS,110,False
2019-10-23 23:00:00+00:00,CLEVELAND CAVALIERS,85,ORLANDO MAGIC,94,True
2019-10-23 23:30:00+00:00,MINNESOTA TIMBERWOLVES,127,BROOKLYN NETS,126,False
2019-10-23 23:30:00+00:00,MEMPHIS GRIZZLIES,101,MIAMI HEAT,120,True
2019-10-23 23:30:00+00:00,BOSTON CELTICS,93,PHILADELPHIA 76ERS,107,True
2019-10-24 00:30:00+00:00,WASHINGTON WIZARDS,100,DALLAS MAVERICKS,108,True
2019-10-24 00:30:00+00:00,NEW YORK KNICKS,111,SAN ANTONIO SPURS,120,True
2019-10-24 01:00:00+00:00,OKLAHOMA CITY THUNDER,95,UTAH JAZZ,100,True
2019-10-24 02:00:00+00:00,SACRAMENTO KINGS,95,PHOENIX SUNS,124,True
2019-10-24 02:00:00+00:00,DENVER NUGGETS,108,PORTLAND TRAIL BLAZERS,100,False
2019-10-24 23:00:00+00:00,ATLANTA HAWKS,117,DETROIT PISTONS,100,False
2019-10-25 00:00:00+00:00,MILWAUKEE BUCKS,117,HOUSTON ROCKETS,111,False
2019-10-25 02:30:00+00:00,LOS ANGELES CLIPPERS,141,GOLDEN STATE WARRIORS,122,False
2019-10-25 23:00:00+00:00,TORONTO RAPTORS,106,BOSTON CELTICS,112,True
2019-10-25 23:00:00+00:00,MINNESOTA TIMBERWOLVES,121,CHARLOTTE HORNETS,99,False
2019-10-25 23:30:00+00:00,NEW YORK KNICKS,109,BROOKLYN NETS,113,True
2019-10-26 00:00:00+00:00,CHICAGO BULLS,110,MEMPHIS GRIZZLIES,102,False
2019-10-26 00:00:00+00:00,DALLAS MAVERICKS,123,NEW ORLEANS PELICANS,116,False
2019-10-26 00:00:00+00:00,WASHINGTON WIZARDS,97,OKLAHOMA CITY THUNDER,85,False
2019-10-26 01:00:00+00:00,PHOENIX SUNS,107,DENVER NUGGETS,108,True
2019-10-26 02:00:00+00:00,PORTLAND TRAIL BLAZERS,122,SACRAMENTO KINGS,112,False
2019-10-26 02:30:00+00:00,UTAH JAZZ,86,LOS ANGELES LAKERS,95,True
2019-10-26 21:00:00+00:00,MIAMI HEAT,131,MILWAUKEE BUCKS,126,False
2019-10-26 23:00:00+00:00,PHILADELPHIA 76ERS,117,DETROIT PISTONS,111,False
2019-10-26 23:30:00+00:00,ORLANDO MAGIC,99,ATLANTA HAWKS,103,True
2019-10-26 23:30:00+00:00,BOSTON CELTICS,118,NEW YORK KNICKS,95,False
2019-10-27 00:00:00+00:00,TORONTO RAPTORS,108,CHICAGO BULLS,84,False
2019-10-27 00:00:00+00:00,INDIANA PACERS,99,CLEVELAND CAVALIERS,110,True
2019-10-27 00:00:00+00:00,NEW ORLEANS PELICANS,123,HOUSTON ROCKETS,126,True
2019-10-27 00:30:00+00:00,WASHINGTON WIZARDS,122,SAN ANTONIO SPURS,124,True
2019-10-27 01:00:00+00:00,SACRAMENTO KINGS,81,UTAH JAZZ,113,True
2019-10-27 02:00:00+00:00,LOS ANGELES CLIPPERS,122,PHOENIX SUNS,130,True
2019-10-27 19:30:00+00:00,GOLDEN STATE WARRIORS,92,OKLAHOMA CITY THUNDER,120,True
2019-10-27 22:00:00+00:00,BROOKLYN NETS,133,MEMPHIS GRIZZLIES,134,True
2019-10-27 23:00:00+00:00,PORTLAND TRAIL BLAZERS,121,DALLAS MAVERICKS,119,False
2019-10-27 23:00:00+00:00,MIAMI HEAT,109,MINNESOTA TIMBERWOLVES,116,True
2019-10-28 01:30:00+00:00,CHARLOTTE HORNETS,101,LOS ANGELES LAKERS,120,True
2019-10-28 23:00:00+00:00,CHICAGO BULLS,98,NEW YORK KNICKS,105,True
2019-10-28 23:00:00+00:00,INDIANA PACERS,94,DETROIT PISTONS,96,True
2019-10-28 23:30:00+00:00,ORLANDO MAGIC,95,TORONTO RAPTORS,104,True
2019-10-28 23:30:00+00:00,PHILADELPHIA 76ERS,105,ATLANTA HAWKS,103,False
2019-10-29 00:00:00+00:00,OKLAHOMA CITY THUNDER,112,HOUSTON ROCKETS,116,True
2019-10-29 00:00:00+00:00,CLEVELAND CAVALIERS,112,MILWAUKEE BUCKS,129,True
2019-10-29 00:00:00+00:00,GOLDEN STATE WARRIORS,134,NEW ORLEANS PELICANS,123,False
2019-10-29 00:30:00+00:00,PORTLAND TRAIL BLAZERS,110,SAN ANTONIO SPURS,113,True
2019-10-29 02:00:00+00:00,UTAH JAZZ,96,PHOENIX SUNS,95,False
2019-10-29 02:00:00+00:00,DENVER NUGGETS,101,SACRAMENTO KINGS,94,False
2019-10-29 02:30:00+00:00,CHARLOTTE HORNETS,96,LOS ANGELES CLIPPERS,111,True
2019-10-29 23:30:00+00:00,ATLANTA HAWKS,97,MIAMI HEAT,112,True
2019-10-30 01:00:00+00:00,DALLAS MAVERICKS,109,DENVER NUGGETS,106,False
2019-10-30 02:30:00+00:00,MEMPHIS GRIZZLIES,91,LOS ANGELES LAKERS,120,True
2019-10-30 23:00:00+00:00,CHICAGO BULLS,111,CLEVELAND CAVALIERS,117,True
2019-10-30 23:00:00+00:00,NEW YORK KNICKS,83,ORLANDO MAGIC,95,True
2019-10-30 23:00:00+00:00,MINNESOTA TIMBERWOLVES,95,PHILADELPHIA 76ERS,117,True
2019-10-30 23:30:00+00:00,MILWAUKEE BUCKS,105,BOSTON CELTICS,116,True
2019-10-30 23:30:00+00:00,INDIANA PACERS,118,BROOKLYN NETS,108,False
2019-10-30 23:30:00+00:00,DETROIT PISTONS,113,TORONTO RAPTORS,125,True
2019-10-31 00:00:00+00:00,PORTLAND TRAIL BLAZERS,102,OKLAHOMA CITY THUNDER,99,False
2019-10-31 00:00:00+00:00,HOUSTON ROCKETS,159,WASHINGTON WIZARDS,158,False
2019-10-31 02:00:00+00:00,CHARLOTTE HORNETS,118,SACRAMENTO KINGS,111,False
2019-10-31 02:00:00+00:00,LOS ANGELES CLIPPERS,96,UTAH JAZZ,110,True
2019-10-31 02:30:00+00:00,PHOENIX SUNS,121,GOLDEN STATE WARRIORS,110,False
2019-10-31 23:00:00+00:00,MIAMI HEAT,106,ATLANTA HAWKS,97,False
2019-11-01 01:30:00+00:00,DENVER NUGGETS,107,NEW ORLEANS PELICANS,122,True
2019-11-01 02:30:00+00:00,SAN ANTONIO SPURS,97,LOS ANGELES CLIPPERS,103,True
2019-11-01 23:00:00+00:00,HOUSTON ROCKETS,116,BROOKLYN NETS,123,True
2019-11-01 23:00:00+00:00,CLEVELAND CAVALIERS,95,INDIANA PACERS,102,True
2019-11-01 23:00:00+00:00,MILWAUKEE BUCKS,123,ORLANDO MAGIC,91,False
2019-11-01 23:30:00+00:00,NEW YORK KNICKS,102,BOSTON CELTICS,104,True
2019-11-02 00:00:00+00:00,DETROIT PISTONS,106,CHICAGO BULLS,112,True
2019-11-02 01:30:00+00:00,LOS ANGELES LAKERS,119,DALLAS MAVERICKS,110,False
2019-11-02 02:00:00+00:00,UTAH JAZZ,101,SACRAMENTO KINGS,102,True
2019-11-02 02:30:00+00:00,SAN ANTONIO SPURS,127,GOLDEN STATE WARRIORS,110,False
2019-11-02 21:00:00+00:00,NEW ORLEANS PELICANS,104,OKLAHOMA CITY THUNDER,115,True
2019-11-02 23:00:00+00:00,BROOKLYN NETS,109,DETROIT PISTONS,113,True
2019-11-02 23:00:00+00:00,DENVER NUGGETS,91,ORLANDO MAGIC,87,False
2019-11-03 00:00:00+00:00,PHOENIX SUNS,114,MEMPHIS GRIZZLIES,105,False
2019-11-03 00:00:00+00:00,TORONTO RAPTORS,105,MILWAUKEE BUCKS,115,True
2019-11-03 00:00:00+00:00,MINNESOTA TIMBERWOLVES,131,WASHINGTON WIZARDS,109,False
2019-11-03 00:30:00+00:00,CHARLOTTE HORNETS,93,GOLDEN STATE WARRIORS,87,False
2019-11-03 02:00:00+00:00,PHILADELPHIA 76ERS,129,PORTLAND TRAIL BLAZERS,128,False
2019-11-03 22:00:00+00:00,CHICAGO BULLS,95,INDIANA PACERS,108,True
2019-11-03 23:00:00+00:00,HOUSTON ROCKETS,100,MIAMI HEAT,129,True
2019-11-03 23:00:00+00:00,SACRAMENTO KINGS,113,NEW YORK KNICKS,92,False
2019-11-04 00:00:00+00:00,LOS ANGELES LAKERS,103,SAN ANTONIO SPURS,96,False
2019-11-04 00:30:00+00:00,DALLAS MAVERICKS,131,CLEVELAND CAVALIERS,111,False
2019-11-04 02:00:00+00:00,UTAH JAZZ,94,LOS ANGELES CLIPPERS,105,True
2019-11-05 00:00:00+00:00,DETROIT PISTONS,99,WASHINGTON WIZARDS,115,True
2019-11-05 00:30:00+00:00,NEW ORLEANS PELICANS,125,BROOKLYN NETS,135,True
2019-11-05 01:00:00+00:00,HOUSTON ROCKETS,107,MEMPHIS GRIZZLIES,100,False
2019-11-05 01:00:00+00:00,MILWAUKEE BUCKS,134,MINNESOTA TIMBERWOLVES,106,False
2019-11-05 02:00:00+00:00,PHILADELPHIA 76ERS,109,PHOENIX SUNS,114,True
2019-11-05 03:30:00+00:00,PORTLAND TRAIL BLAZERS,118,GOLDEN STATE WARRIORS,127,True
2019-11-06 00:00:00+00:00,INDIANA PACERS,120,CHARLOTTE HORNETS,122,True
2019-11-06 00:00:00+00:00,BOSTON CELTICS,119,CLEVELAND CAVALIERS,113,False
2019-11-06 00:30:00+00:00,SAN ANTONIO SPURS,100,ATLANTA HAWKS,108,True
2019-11-06 01:00:00+00:00,LOS ANGELES LAKERS,118,CHICAGO BULLS,112,False
2019-11-06 01:00:00+00:00,ORLANDO MAGIC,94,OKLAHOMA CITY THUNDER,102,True
2019-11-06 02:00:00+00:00,MIAMI HEAT,89,DENVER NUGGETS,109,True
2019-11-07 00:00:00+00:00,NEW YORK KNICKS,102,DETROIT PISTONS,122,True
2019-11-07 00:00:00+00:00,WASHINGTON WIZARDS,106,INDIANA PACERS,121,True
2019-11-07 00:30:00+00:00,CHICAGO BULLS,113,ATLANTA HAWKS,93,False
2019-11-07 00:30:00+00:00,GOLDEN STATE WARRIORS,112,HOUSTON ROCKETS,129,True
2019-11-07 00:30:00+00:00,SACRAMENTO KINGS,120,TORONTO RAPTORS,124,True
2019-11-07 01:00:00+00:00,MINNESOTA TIMBERWOLVES,121,MEMPHIS GRIZZLIES,137,True
2019-11-07 01:30:00+00:00,ORLANDO MAGIC,106,DALLAS MAVERICKS,107,True
2019-11-07 02:00:00+00:00,PHILADELPHIA 76ERS,104,UTAH JAZZ,106,True
2019-11-07 03:00:00+00:00,MILWAUKEE BUCKS,129,LOS ANGELES CLIPPERS,124,False
2019-11-08 01:00:00+00:00,BOSTON CELTICS,108,CHARLOTTE HORNETS,87,False
2019-11-08 01:30:00+00:00,OKLAHOMA CITY THUNDER,112,SAN ANTONIO SPURS,121,True
2019-11-08 02:00:00+00:00,MIAMI HEAT,124,PHOENIX SUNS,108,False
2019-11-08 03:30:00+00:00,PORTLAND TRAIL BLAZERS,101,LOS ANGELES CLIPPERS,107,True
2019-11-09 00:00:00+00:00,DETROIT PISTONS,106,INDIANA PACERS,112,True
2019-11-09 00:00:00+00:00,MEMPHIS GRIZZLIES,86,ORLANDO MAGIC,118,True
2019-11-09 00:00:00+00:00,CLEVELAND CAVALIERS,113,WASHINGTON WIZARDS,100,False
2019-11-09 00:30:00+00:00,SACRAMENTO KINGS,121,ATLANTA HAWKS,109,False
2019-11-09 01:00:00+00:00,GOLDEN STATE WARRIORS,119,MINNESOTA TIMBERWOLVES,125,True
2019-11-09 01:00:00+00:00,TORONTO RAPTORS,122,NEW ORLEANS PELICANS,104,False
2019-11-09 01:30:00+00:00,NEW YORK KNICKS,106,DALLAS MAVERICKS,102,False
2019-11-09 02:00:00+00:00,PHILADELPHIA 76ERS,97,DENVER NUGGETS,100,True
2019-11-09 02:00:00+00:00,MILWAUKEE BUCKS,100,UTAH JAZZ,103,True
2019-11-09 03:00:00+00:00,BROOKLYN NETS,119,PORTLAND TRAIL BLAZERS,115,False
2019-11-09 03:30:00+00:00,MIAMI HEAT,80,LOS ANGELES LAKERS,95,True
2019-11-09 22:00:00+00:00,BOSTON CELTICS,135,SAN ANTONIO SPURS,115,False
2019-11-10 00:00:00+00:00,NEW ORLEANS PELICANS,115,CHARLOTTE HORNETS,110,False
2019-11-10 01:00:00+00:00,HOUSTON ROCKETS,117,CHICAGO BULLS,94,False
2019-11-10 01:00:00+00:00,DALLAS MAVERICKS,138,MEMPHIS GRIZZLIES,122,False
2019-11-10 01:00:00+00:00,GOLDEN STATE WARRIORS,108,OKLAHOMA CITY THUNDER,114,True
2019-11-10 20:30:00+00:00,DENVER NUGGETS,100,MINNESOTA TIMBERWOLVES,98,False
2019-11-10 23:00:00+00:00,INDIANA PACERS,109,ORLANDO MAGIC,102,False
2019-11-10 23:00:00+00:00,CHARLOTTE HORNETS,106,PHILADELPHIA 76ERS,114,True
2019-11-11 00:00:00+00:00,MILWAUKEE BUCKS,121,OKLAHOMA CITY THUNDER,119,False
2019-11-11 00:30:00+00:00,CLEVELAND CAVALIERS,108,NEW YORK KNICKS,87,False
2019-11-11 01:00:00+00:00,BROOKLYN NETS,112,PHOENIX SUNS,138,True
2019-11-11 02:00:00+00:00,ATLANTA HAWKS,113,PORTLAND TRAIL BLAZERS,124,True
2019-11-11 02:30:00+00:00,TORONTO RAPTORS,113,LOS ANGELES LAKERS,104,False
2019-11-12 00:00:00+00:00,MINNESOTA TIMBERWOLVES,120,DETROIT PISTONS,114,False
2019-11-12 00:30:00+00:00,DALLAS MAVERICKS,106,BOSTON CELTICS,116,True
2019-11-12 00:30:00+00:00,MEMPHIS GRIZZLIES,113,SAN ANTONIO SPURS,109,False
2019-11-12 01:00:00+00:00,HOUSTON ROCKETS,122,NEW ORLEANS PELICANS,116,False
2019-11-12 03:30:00+00:00,UTAH JAZZ,122,GOLDEN STATE WARRIORS,108,False
2019-11-12 03:30:00+00:00,TORONTO RAPTORS,88,LOS ANGELES CLIPPERS,98,True
2019-11-13 00:00:00+00:00,OKLAHOMA CITY THUNDER,85,INDIANA PACERS,111,True
2019-11-13 00:00:00+00:00,CLEVELAND CAVALIERS,97,PHILADELPHIA 76ERS,98,True
2019-11-13 00:30:00+00:00,DETROIT PISTONS,108,MIAMI HEAT,117,True
2019-11-13 01:00:00+00:00,NEW YORK KNICKS,102,CHICAGO BULLS,120,True
2019-11-13 02:00:00+00:00,ATLANTA HAWKS,125,DENVER NUGGETS,121,False
2019-11-13 02:00:00+00:00,LOS ANGELES LAKERS,123,PHOENIX SUNS,115,False
2019-11-13 02:00:00+00:00,BROOKLYN NETS,114,UTAH JAZZ,119,True
2019-11-13 03:00:00+00:00,PORTLAND TRAIL BLAZERS,99,SACRAMENTO KINGS,107,True
2019-11-14 00:00:00+00:00,MEMPHIS GRIZZLIES,119,CHARLOTTE HORNETS,117,False
2019-11-14 00:00:00+00:00,PHILADELPHIA 76ERS,97,ORLANDO MAGIC,112,True
2019-11-14 00:30:00+00:00,WASHINGTON WIZARDS,133,BOSTON CELTICS,140,True
2019-11-14 00:30:00+00:00,LOS ANGELES CLIPPERS,93,HOUSTON ROCKETS,102,True
2019-11-14 01:00:00+00:00,SAN ANTONIO SPURS,114,MINNESOTA TIMBERWOLVES,129,True
2019-11-14 03:00:00+00:00,GOLDEN STATE WARRIORS,94,LOS ANGELES LAKERS,120,True
2019-11-14 03:00:00+00:00,TORONTO RAPTORS,114,PORTLAND TRAIL BLAZERS,106,False
2019-11-14 23:00:00+00:00,MIAMI HEAT,108,CLEVELAND CAVALIERS,97,False
2019-11-15 01:00:00+00:00,CHICAGO BULLS,115,MILWAUKEE BUCKS,124,True
2019-11-15 01:00:00+00:00,LOS ANGELES CLIPPERS,127,NEW ORLEANS PELICANS,132,True
2019-11-15 01:00:00+00:00,DALLAS MAVERICKS,103,NEW YORK KNICKS,106,True
2019-11-15 02:00:00+00:00,ATLANTA HAWKS,112,PHOENIX SUNS,128,True
2019-11-15 03:30:00+00:00,BROOKLYN NETS,93,DENVER NUGGETS,101,True
2019-11-16 00:00:00+00:00,DETROIT PISTONS,106,CHARLOTTE HORNETS,109,True
2019-11-16 00:00:00+00:00,SAN ANTONIO SPURS,109,ORLANDO MAGIC,111,True
2019-11-16 01:00:00+00:00,INDIANA PACERS,102,HOUSTON ROCKETS,111,True
2019-11-16 01:00:00+00:00,UTAH JAZZ,106,MEMPHIS GRIZZLIES,107,True
2019-11-16 01:00:00+00:00,WASHINGTON WIZARDS,137,MINNESOTA TIMBERWOLVES,116,False
2019-11-16 01:00:00+00:00,PHILADELPHIA 76ERS,119,OKLAHOMA CITY THUNDER,127,True
2019-11-16 03:30:00+00:00,BOSTON CELTICS,105,GOLDEN STATE WARRIORS,100,False
2019-11-16 03:30:00+00:00,SACRAMENTO KINGS,97,LOS ANGELES LAKERS,99,True
2019-11-16 23:00:00+00:00,BROOKLYN NETS,117,CHICAGO BULLS,111,False
2019-11-17 00:00:00+00:00,MILWAUKEE BUCKS,102,INDIANA PACERS,83,False
2019-11-17 00:30:00+00:00,CHARLOTTE HORNETS,103,NEW YORK KNICKS,102,False
2019-11-17 01:00:00+00:00,NEW ORLEANS PELICANS,94,MIAMI HEAT,109,True
2019-11-17 01:00:00+00:00,HOUSTON ROCKETS,125,MINNESOTA TIMBERWOLVES,105,False
2019-11-17 01:30:00+00:00,TORONTO RAPTORS,102,DALLAS MAVERICKS,110,True
2019-11-17 01:30:00+00:00,PORTLAND TRAIL BLAZERS,121,SAN ANTONIO SPURS,116,False
2019-11-17 03:30:00+00:00,ATLANTA HAWKS,101,LOS ANGELES CLIPPERS,150,True
2019-11-17 20:00:00+00:00,PHILADELPHIA 76ERS,114,CLEVELAND CAVALIERS,95,False
2019-11-17 20:30:00+00:00,BOSTON CELTICS,99,SACRAMENTO KINGS,100,True
2019-11-17 23:00:00+00:00,DENVER NUGGETS,131,MEMPHIS GRIZZLIES,114,False
2019-11-17 23:00:00+00:00,WASHINGTON WIZARDS,121,ORLANDO MAGIC,125,True
2019-11-18 00:00:00+00:00,GOLDEN STATE WARRIORS,100,NEW ORLEANS PELICANS,108,True
2019-11-18 02:30:00+00:00,ATLANTA HAWKS,101,LOS ANGELES LAKERS,122,True
2019-11-19 00:00:00+00:00,CLEVELAND CAVALIERS,105,NEW YORK KNICKS,123,True
2019-11-19 00:30:00+00:00,INDIANA PACERS,115,BROOKLYN NETS,86,False
2019-11-19 00:30:00+00:00,CHARLOTTE HORNETS,96,TORONTO RAPTORS,132,True
2019-11-19 01:00:00+00:00,MILWAUKEE BUCKS,115,CHICAGO BULLS,101,False
2019-11-19 01:00:00+00:00,PORTLAND TRAIL BLAZERS,108,HOUSTON ROCKETS,132,True
2019-11-19 01:30:00+00:00,SAN ANTONIO SPURS,110,DALLAS MAVERICKS,117,True
2019-11-19 02:00:00+00:00,BOSTON CELTICS,99,PHOENIX SUNS,85,False
2019-11-19 02:00:00+00:00,MINNESOTA TIMBERWOLVES,112,UTAH JAZZ,102,False
2019-11-19 03:30:00+00:00,OKLAHOMA CITY THUNDER,88,LOS ANGELES CLIPPERS,90,True
2019-11-20 01:00:00+00:00,GOLDEN STATE WARRIORS,114,MEMPHIS GRIZZLIES,95,False
2019-11-20 01:00:00+00:00,PORTLAND TRAIL BLAZERS,104,NEW ORLEANS PELICANS,115,True
2019-11-20 03:00:00+00:00,PHOENIX SUNS,116,SACRAMENTO KINGS,120,True
2019-11-20 03:30:00+00:00,OKLAHOMA CITY THUNDER,107,LOS ANGELES LAKERS,112,True
2019-11-21 00:00:00+00:00,NEW YORK KNICKS,104,PHILADELPHIA 76ERS,109,True
2019-11-21 00:00:00+00:00,SAN ANTONIO SPURS,132,WASHINGTON WIZARDS,138,True
2019-11-21 00:30:00+00:00,MILWAUKEE BUCKS,135,ATLANTA HAWKS,127,False
2019-11-21 00:30:00+00:00,CHARLOTTE HORNETS,91,BROOKLYN NETS,101,True
2019-11-21 00:30:00+00:00,GOLDEN STATE WARRIORS,94,DALLAS MAVERICKS,142,True
2019-11-21 00:30:00+00:00,CLEVELAND CAVALIERS,100,MIAMI HEAT,124,True
2019-11-21 00:30:00+00:00,ORLANDO MAGIC,97,TORONTO RAPTORS,113,True
2019-11-21 01:00:00+00:00,DETROIT PISTONS,89,CHICAGO BULLS,109,True
2019-11-21 01:00:00+00:00,UTAH JAZZ,103,MINNESOTA TIMBERWOLVES,95,False
2019-11-21 02:00:00+00:00,HOUSTON ROCKETS,95,DENVER NUGGETS,105,True
2019-11-21 03:00:00+00:00,BOSTON CELTICS,104,LOS ANGELES CLIPPERS,107,True
2019-11-22 01:00:00+00:00,PORTLAND TRAIL BLAZERS,129,MILWAUKEE BUCKS,137,True
2019-11-22 03:30:00+00:00,NEW ORLEANS PELICANS,124,PHOENIX SUNS,121,False
2019-11-23 00:00:00+00:00,ATLANTA HAWKS,103,DETROIT PISTONS,128,True
2019-11-23 00:00:00+00:00,CHARLOTTE HORNETS,118,WASHINGTON WIZARDS,125,True
2019-11-23 00:30:00+00:00,SACRAMENTO KINGS,97,BROOKLYN NETS,116,True
2019-11-23 01:00:00+00:00,MIAMI HEAT,116,CHICAGO BULLS,108,False
2019-11-23 01:00:00+00:00,LOS ANGELES LAKERS,130,OKLAHOMA CITY THUNDER,127,False
2019-11-23 01:00:00+00:00,SAN ANTONIO SPURS,104,PHILADELPHIA 76ERS,115,True
2019-11-23 01:30:00+00:00,CLEVELAND CAVALIERS,101,DALLAS MAVERICKS,143,True
2019-11-23 02:00:00+00:00,BOSTON CELTICS,92,DENVER NUGGETS,96,True
2019-11-23 02:00:00+00:00,GOLDEN STATE WARRIORS,109,UTAH JAZZ,113,True
2019-11-23 03:30:00+00:00,HOUSTON ROCKETS,119,LOS ANGELES CLIPPERS,122,True
2019-11-23 22:00:00+00:00,PHOENIX SUNS,100,MINNESOTA TIMBERWOLVES,98,False
2019-11-24 00:00:00+00:00,CHICAGO BULLS,116,CHARLOTTE HORNETS,115,False
2019-11-24 00:00:00+00:00,ORLANDO MAGIC,106,INDIANA PACERS,111,True
2019-11-24 00:30:00+00:00,TORONTO RAPTORS,119,ATLANTA HAWKS,116,False
2019-11-24 00:30:00+00:00,SAN ANTONIO SPURS,111,NEW YORK KNICKS,104,False
2019-11-24 00:30:00+00:00,MIAMI HEAT,86,PHILADELPHIA 76ERS,113,True
2019-11-24 01:00:00+00:00,PORTLAND TRAIL BLAZERS,104,CLEVELAND CAVALIERS,110,True
2019-11-24 01:00:00+00:00,LOS ANGELES LAKERS,109,MEMPHIS GRIZZLIES,108,False
2019-11-24 01:30:00+00:00,DETROIT PISTONS,90,MILWAUKEE BUCKS,104,True
2019-11-24 02:00:00+00:00,NEW ORLEANS PELICANS,120,UTAH JAZZ,128,True
2019-11-24 20:30:00+00:00,DALLAS MAVERICKS,137,HOUSTON ROCKETS,123,False
2019-11-24 23:00:00+00:00,BROOKLYN NETS,103,NEW YORK KNICKS,101,False
2019-11-24 23:00:00+00:00,SACRAMENTO KINGS,113,WASHINGTON WIZARDS,106,False
2019-11-25 01:00:00+00:00,PHOENIX SUNS,104,DENVER NUGGETS,116,True
2019-11-25 02:00:00+00:00,NEW ORLEANS PELICANS,109,LOS ANGELES CLIPPERS,134,True
2019-11-26 00:00:00+00:00,BROOKLYN NETS,108,CLEVELAND CAVALIERS,106,False
2019-11-26 00:00:00+00:00,ORLANDO MAGIC,88,DETROIT PISTONS,103,True
2019-11-26 00:00:00+00:00,MEMPHIS GRIZZLIES,114,INDIANA PACERS,126,True
2019-11-26 00:30:00+00:00,MINNESOTA TIMBERWOLVES,125,ATLANTA HAWKS,113,False
2019-11-26 00:30:00+00:00,SACRAMENTO KINGS,102,BOSTON CELTICS,103,True
2019-11-26 00:30:00+00:00,CHARLOTTE HORNETS,100,MIAMI HEAT,117,True
2019-11-26 00:30:00+00:00,PHILADELPHIA 76ERS,96,TORONTO RAPTORS,101,True
2019-11-26 01:00:00+00:00,PORTLAND TRAIL BLAZERS,117,CHICAGO BULLS,94,False
2019-11-26 01:00:00+00:00,UTAH JAZZ,118,MILWAUKEE BUCKS,122,True
2019-11-26 01:30:00+00:00,LOS ANGELES LAKERS,114,SAN ANTONIO SPURS,104,False
2019-11-26 03:30:00+00:00,OKLAHOMA CITY THUNDER,100,GOLDEN STATE WARRIORS,97,False
2019-11-27 01:30:00+00:00,LOS ANGELES CLIPPERS,114,DALLAS MAVERICKS,99,False
2019-11-27 02:00:00+00:00,WASHINGTON WIZARDS,104,DENVER NUGGETS,117,True
2019-11-28 00:00:00+00:00,BROOKLYN NETS,110,BOSTON CELTICS,121,True
2019-11-28 00:00:00+00:00,DETROIT PISTONS,101,CHARLOTTE HORNETS,102,True
2019-11-28 00:00:00+00:00,ORLANDO MAGIC,116,CLEVELAND CAVALIERS,104,False
2019-11-28 00:00:00+00:00,UTAH JAZZ,102,INDIANA PACERS,121,True
2019-11-28 00:00:00+00:00,SACRAMENTO KINGS,91,PHILADELPHIA 76ERS,97,True
2019-11-28 00:30:00+00:00,NEW YORK KNICKS,98,TORONTO RAPTORS,126,True
2019-11-28 01:00:00+00:00,MIAMI HEAT,108,HOUSTON ROCKETS,117,True
2019-11-28 01:00:00+00:00,LOS ANGELES CLIPPERS,121,MEMPHIS GRIZZLIES,119,False
2019-11-28 01:00:00+00:00,ATLANTA HAWKS,102,MILWAUKEE BUCKS,111,True
2019-11-28 01:30:00+00:00,MINNESOTA TIMBERWOLVES,113,SAN ANTONIO SPURS,101,False
2019-11-28 02:00:00+00:00,WASHINGTON WIZARDS,140,PHOENIX SUNS,132,False
2019-11-28 02:30:00+00:00,LOS ANGELES LAKERS,114,NEW ORLEANS PELICANS,110,False
2019-11-28 03:00:00+00:00,OKLAHOMA CITY THUNDER,119,PORTLAND TRAIL BLAZERS,136,True
2019-11-28 03:30:00+00:00,CHICAGO BULLS,90,GOLDEN STATE WARRIORS,104,True
2019-11-29 17:00:00+00:00,BOSTON CELTICS,107,BROOKLYN NETS,112,True
2019-11-30 00:00:00+00:00,CHARLOTTE HORNETS,110,DETROIT PISTONS,107,False
2019-11-30 00:00:00+00:00,TORONTO RAPTORS,90,ORLANDO MAGIC,83,False
2019-11-30 00:30:00+00:00,MILWAUKEE BUCKS,119,CLEVELAND CAVALIERS,110,False
2019-11-30 00:30:00+00:00,PHILADELPHIA 76ERS,101,NEW YORK KNICKS,95,False
2019-11-30 01:00:00+00:00,ATLANTA HAWKS,104,INDIANA PACERS,105,True
2019-11-30 01:00:00+00:00,UTAH JAZZ,103,MEMPHIS GRIZZLIES,94,False
2019-11-30 01:00:00+00:00,GOLDEN STATE WARRIORS,105,MIAMI HEAT,122,True
2019-11-30 01:00:00+00:00,NEW ORLEANS PELICANS,104,OKLAHOMA CITY THUNDER,109,True
2019-11-30 01:30:00+00:00,LOS ANGELES CLIPPERS,97,SAN ANTONIO SPURS,107,True
2019-11-30 02:00:00+00:00,DALLAS MAVERICKS,120,PHOENIX SUNS,113,False
2019-11-30 03:00:00+00:00,CHICAGO BULLS,103,PORTLAND TRAIL BLAZERS,107,True
2019-11-30 03:30:00+00:00,WASHINGTON WIZARDS,103,LOS ANGELES LAKERS,125,True
2019-11-30 22:00:00+00:00,DENVER NUGGETS,97,SACRAMENTO KINGS,100,True
2019-12-01 00:00:00+00:00,INDIANA PACERS,116,PHILADELPHIA 76ERS,119,True
2019-12-01 01:00:00+00:00,ATLANTA HAWKS,111,HOUSTON ROCKETS,158,True
2019-12-01 01:00:00+00:00,CHARLOTTE HORNETS,96,MILWAUKEE BUCKS,137,True
2019-12-01 20:00:00+00:00,MIAMI HEAT,109,BROOKLYN NETS,106,False
2019-12-01 20:30:00+00:00,MEMPHIS GRIZZLIES,115,MINNESOTA TIMBERWOLVES,107,False
2019-12-01 20:30:00+00:00,BOSTON CELTICS,113,NEW YORK KNICKS,104,False
2019-12-01 21:00:00+00:00,DALLAS MAVERICKS,114,LOS ANGELES LAKERS,100,False
2019-12-01 22:00:00+00:00,SAN ANTONIO SPURS,98,DETROIT PISTONS,132,True
2019-12-01 22:00:00+00:00,OKLAHOMA CITY THUNDER,107,NEW ORLEANS PELICANS,104,False
2019-12-01 23:00:00+00:00,GOLDEN STATE WARRIORS,96,ORLANDO MAGIC,100,True
2019-12-01 23:00:00+00:00,UTAH JAZZ,110,TORONTO RAPTORS,130,True
2019-12-02 03:30:00+00:00,WASHINGTON WIZARDS,125,LOS ANGELES CLIPPERS,150,True
2019-12-03 00:00:00+00:00,PHOENIX SUNS,109,CHARLOTTE HORNETS,104,False
2019-12-03 00:00:00+00:00,UTAH JAZZ,94,PHILADELPHIA 76ERS,103,True
2019-12-03 00:30:00+00:00,GOLDEN STATE WARRIORS,79,ATLANTA HAWKS,104,True
2019-12-03 01:00:00+00:00,INDIANA PACERS,117,MEMPHIS GRIZZLIES,104,False
2019-12-03 01:00:00+00:00,NEW YORK KNICKS,88,MILWAUKEE BUCKS,132,True
2019-12-03 03:00:00+00:00,CHICAGO BULLS,113,SACRAMENTO KINGS,106,False
2019-12-04 00:00:00+00:00,DETROIT PISTONS,127,CLEVELAND CAVALIERS,94,False
2019-12-04 00:00:00+00:00,ORLANDO MAGIC,127,WASHINGTON WIZARDS,120,False
2019-12-04 00:30:00+00:00,DALLAS MAVERICKS,118,NEW ORLEANS PELICANS,97,False
2019-12-04 00:30:00+00:00,MIAMI HEAT,121,TORONTO RAPTORS,110,False
2019-12-04 01:30:00+00:00,HOUSTON ROCKETS,133,SAN ANTONIO SPURS,135,True
2019-12-04 02:00:00+00:00,LOS ANGELES LAKERS,105,DENVER NUGGETS,96,False
2019-12-04 03:00:00+00:00,PORTLAND TRAIL BLAZERS,97,LOS ANGELES CLIPPERS,117,True
2019-12-05 00:00:00+00:00,GOLDEN STATE WARRIORS,91,CHARLOTTE HORNETS,106,True
2019-12-05 00:00:00+00:00,MILWAUKEE BUCKS,127,DETROIT PISTONS,103,False
2019-12-05 00:00:00+00:00,PHOENIX SUNS,114,ORLANDO MAGIC,128,True
2019-12-05 00:30:00+00:00,BROOKLYN NETS,130,ATLANTA HAWKS,118,False
2019-12-05 00:30:00+00:00,MIAMI HEAT,93,BOSTON CELTICS,112,True
2019-12-05 01:00:00+00:00,MEMPHIS GRIZZLIES,99,CHICAGO BULLS,106,True
2019-12-05 01:00:00+00:00,INDIANA PACERS,107,OKLAHOMA CITY THUNDER,100,False
2019-12-05 01:30:00+00:00,MINNESOTA TIMBERWOLVES,114,DALLAS MAVERICKS,121,True
2019-12-05 02:00:00+00:00,LOS ANGELES LAKERS,121,UTAH JAZZ,96,False
2019-12-05 03:00:00+00:00,SACRAMENTO KINGS,116,PORTLAND TRAIL BLAZERS,127,True
2019-12-06 00:00:00+00:00,PHILADELPHIA 76ERS,113,WASHINGTON WIZARDS,119,True
2019-12-06 00:30:00+00:00,DENVER NUGGETS,129,NEW YORK KNICKS,92,False
2019-12-06 00:30:00+00:00,HOUSTON ROCKETS,119,TORONTO RAPTORS,109,False
2019-12-06 01:00:00+00:00,PHOENIX SUNS,139,NEW ORLEANS PELICANS,132,False
2019-12-07 00:00:00+00:00,BROOKLYN NETS,111,CHARLOTTE HORNETS,104,False
2019-12-07 00:00:00+00:00,ORLANDO MAGIC,93,CLEVELAND CAVALIERS,87,False
2019-12-07 00:00:00+00:00,INDIANA PACERS,101,DETROIT PISTONS,108,True
2019-12-07 01:00:00+00:00,DENVER NUGGETS,95,BOSTON CELTICS,108,True
2019-12-07 01:00:00+00:00,GOLDEN STATE WARRIORS,100,CHICAGO BULLS,98,False
2019-12-07 01:00:00+00:00,WASHINGTON WIZARDS,103,MIAMI HEAT,112,True
2019-12-07 01:00:00+00:00,MINNESOTA TIMBERWOLVES,127,OKLAHOMA CITY THUNDER,139,True
2019-12-07 01:30:00+00:00,LOS ANGELES CLIPPERS,91,MILWAUKEE BUCKS,119,True
2019-12-07 01:30:00+00:00,SACRAMENTO KINGS,104,SAN ANTONIO SPURS,105,True
2019-12-07 03:30:00+00:00,LOS ANGELES LAKERS,136,PORTLAND TRAIL BLAZERS,113,False
2019-12-07 19:00:00+00:00,NEW ORLEANS PELICANS,84,DALLAS MAVERICKS,130,True
2019-12-08 00:30:00+00:00,INDIANA PACERS,104,NEW YORK KNICKS,103,False
2019-12-08 00:30:00+00:00,CLEVELAND CAVALIERS,94,PHILADELPHIA 76ERS,141,True
2019-12-08 01:00:00+00:00,PHOENIX SUNS,109,HOUSTON ROCKETS,115,True
2019-12-08 03:00:00+00:00,MEMPHIS GRIZZLIES,112,UTAH JAZZ,126,True
2019-12-08 20:00:00+00:00,DENVER NUGGETS,102,BROOKLYN NETS,105,True
2019-12-08 22:00:00+00:00,ATLANTA HAWKS,122,CHARLOTTE HORNETS,107,False
2019-12-08 23:00:00+00:00,CHICAGO BULLS,105,MIAMI HEAT,110,True
2019-12-08 23:00:00+00:00,TORONTO RAPTORS,104,PHILADELPHIA 76ERS,110,True
2019-12-08 23:00:00+00:00,LOS ANGELES CLIPPERS,135,WASHINGTON WIZARDS,119,False
2019-12-09 00:00:00+00:00,SACRAMENTO KINGS,110,DALLAS MAVERICKS,106,False
2019-12-09 02:00:00+00:00,OKLAHOMA CITY THUNDER,108,PORTLAND TRAIL BLAZERS,96,False
2019-12-09 02:30:00+00:00,MINNESOTA TIMBERWOLVES,125,LOS ANGELES LAKERS,142,True
2019-12-10 00:00:00+00:00,LOS ANGELES CLIPPERS,110,INDIANA PACERS,99,False
2019-12-10 00:30:00+00:00,CLEVELAND CAVALIERS,88,BOSTON CELTICS,110,True
2019-12-10 01:00:00+00:00,TORONTO RAPTORS,93,CHICAGO BULLS,92,False
2019-12-10 01:00:00+00:00,SACRAMENTO KINGS,119,HOUSTON ROCKETS,118,False
2019-12-10 01:00:00+00:00,ORLANDO MAGIC,101,MILWAUKEE BUCKS,110,True
2019-12-10 01:00:00+00:00,DETROIT PISTONS,105,NEW ORLEANS PELICANS,103,False
2019-12-10 02:00:00+00:00,MINNESOTA TIMBERWOLVES,109,PHOENIX SUNS,125,True
2019-12-10 02:00:00+00:00,OKLAHOMA CITY THUNDER,104,UTAH JAZZ,90,False
2019-12-10 03:30:00+00:00,MEMPHIS GRIZZLIES,110,GOLDEN STATE WARRIORS,102,False
2019-12-11 00:00:00+00:00,WASHINGTON WIZARDS,107,CHARLOTTE HORNETS,114,True
2019-12-11 01:00:00+00:00,ATLANTA HAWKS,121,MIAMI HEAT,135,True
2019-12-11 01:00:00+00:00,DENVER NUGGETS,92,PHILADELPHIA 76ERS,97,True
2019-12-11 03:00:00+00:00,NEW YORK KNICKS,87,PORTLAND TRAIL BLAZERS,115,True
2019-12-12 00:00:00+00:00,HOUSTON ROCKETS,116,CLEVELAND CAVALIERS,110,False
2019-12-12 00:00:00+00:00,BOSTON CELTICS,117,INDIANA PACERS,122,True
2019-12-12 00:00:00+00:00,LOS ANGELES LAKERS,96,ORLANDO MAGIC,87,False
2019-12-12 00:00:00+00:00,LOS ANGELES CLIPPERS,112,TORONTO RAPTORS,92,False
2019-12-12 00:30:00+00:00,CHARLOTTE HORNETS,113,BROOKLYN NETS,108,False
2019-12-12 01:00:00+00:00,ATLANTA HAWKS,102,CHICAGO BULLS,136,True
2019-12-12 01:00:00+00:00,UTAH JAZZ,127,MINNESOTA TIMBERWOLVES,116,False
2019-12-12 02:00:00+00:00,MEMPHIS GRIZZLIES,115,PHOENIX SUNS,108,False
2019-12-12 02:30:00+00:00,NEW ORLEANS PELICANS,112,MILWAUKEE BUCKS,127,True
2019-12-12 03:00:00+00:00,OKLAHOMA CITY THUNDER,93,SACRAMENTO KINGS,94,True
2019-12-12 03:30:00+00:00,NEW YORK KNICKS,124,GOLDEN STATE WARRIORS,122,False
2019-12-13 01:00:00+00:00,PHILADELPHIA 76ERS,115,BOSTON CELTICS,109,False
2019-12-13 01:30:00+00:00,CLEVELAND CAVALIERS,117,SAN ANTONIO SPURS,109,False
2019-12-13 02:00:00+00:00,DALLAS MAVERICKS,122,DETROIT PISTONS,111,False
2019-12-13 03:30:00+00:00,PORTLAND TRAIL BLAZERS,99,DENVER NUGGETS,114,True
2019-12-14 00:00:00+00:00,LOS ANGELES LAKERS,113,MIAMI HEAT,110,False
2019-12-14 00:00:00+00:00,HOUSTON ROCKETS,130,ORLANDO MAGIC,107,False
2019-12-14 00:00:00+00:00,NEW ORLEANS PELICANS,109,PHILADELPHIA 76ERS,116,True
2019-12-14 00:30:00+00:00,INDIANA PACERS,110,ATLANTA HAWKS,100,False
2019-12-14 01:00:00+00:00,CHARLOTTE HORNETS,83,CHICAGO BULLS,73,False
2019-12-14 01:00:00+00:00,MILWAUKEE BUCKS,127,MEMPHIS GRIZZLIES,114,False
2019-12-14 02:00:00+00:00,GOLDEN STATE WARRIORS,106,UTAH JAZZ,114,True
2019-12-14 02:30:00+00:00,LOS ANGELES CLIPPERS,124,MINNESOTA TIMBERWOLVES,117,False
2019-12-14 03:00:00+00:00,NEW YORK KNICKS,103,SACRAMENTO KINGS,101,False
2019-12-14 22:00:00+00:00,SAN ANTONIO SPURS,121,PHOENIX SUNS,119,False
2019-12-15 00:30:00+00:00,BROOKLYN NETS,102,TORONTO RAPTORS,110,True
2019-12-15 01:00:00+00:00,LOS ANGELES CLIPPERS,106,CHICAGO BULLS,109,True
2019-12-15 01:00:00+00:00,WASHINGTON WIZARDS,111,MEMPHIS GRIZZLIES,128,True
2019-12-15 01:30:00+00:00,MIAMI HEAT,122,DALLAS MAVERICKS,118,False
2019-12-15 01:30:00+00:00,CLEVELAND CAVALIERS,108,MILWAUKEE BUCKS,125,True
2019-12-15 02:00:00+00:00,OKLAHOMA CITY THUNDER,102,DENVER NUGGETS,110,True
2019-12-15 02:00:00+00:00,DETROIT PISTONS,115,HOUSTON ROCKETS,107,False
2019-12-15 20:30:00+00:00,ORLANDO MAGIC,130,NEW ORLEANS PELICANS,119,False
2019-12-15 22:00:00+00:00,CHARLOTTE HORNETS,85,INDIANA PACERS,107,True
2019-12-15 23:00:00+00:00,LOS ANGELES LAKERS,101,ATLANTA HAWKS,96,False
2019-12-15 23:00:00+00:00,PHILADELPHIA 76ERS,89,BROOKLYN NETS,109,True
2019-12-16 01:00:00+00:00,NEW YORK KNICKS,105,DENVER NUGGETS,111,True
2019-12-16 01:30:00+00:00,SACRAMENTO KINGS,100,GOLDEN STATE WARRIORS,79,False
2019-12-17 00:00:00+00:00,WASHINGTON WIZARDS,133,DETROIT PISTONS,119,False
2019-12-17 00:30:00+00:00,CLEVELAND CAVALIERS,113,TORONTO RAPTORS,133,True
2019-12-17 01:00:00+00:00,SAN ANTONIO SPURS,107,HOUSTON ROCKETS,109,True
2019-12-17 01:00:00+00:00,MIAMI HEAT,111,MEMPHIS GRIZZLIES,118,True
2019-12-17 01:00:00+00:00,DALLAS MAVERICKS,120,MILWAUKEE BUCKS,116,False
2019-12-17 01:00:00+00:00,CHICAGO BULLS,106,OKLAHOMA CITY THUNDER,109,True
2019-12-17 02:00:00+00:00,PORTLAND TRAIL BLAZERS,111,PHOENIX SUNS,110,False
2019-12-18 00:00:00+00:00,SACRAMENTO KINGS,102,CHARLOTTE HORNETS,110,True
2019-12-18 00:00:00+00:00,LOS ANGELES LAKERS,102,INDIANA PACERS,105,True
2019-12-18 00:30:00+00:00,ATLANTA HAWKS,120,NEW YORK KNICKS,143,True
2019-12-18 01:00:00+00:00,BROOKLYN NETS,108,NEW ORLEANS PELICANS,101,False
2019-12-18 02:00:00+00:00,ORLANDO MAGIC,102,UTAH JAZZ,109,True
2019-12-18 03:30:00+00:00,PHOENIX SUNS,99,LOS ANGELES CLIPPERS,120,True
2019-12-19 00:00:00+00:00,CHARLOTTE HORNETS,98,CLEVELAND CAVALIERS,100,True
2019-12-19 00:00:00+00:00,TORONTO RAPTORS,112,DETROIT PISTONS,99,False
2019-12-19 00:00:00+00:00,MIAMI HEAT,108,PHILADELPHIA 76ERS,104,False
2019-12-19 00:00:00+00:00,CHICAGO BULLS,110,WASHINGTON WIZARDS,109,False
2019-12-19 01:00:00+00:00,NEW ORLEANS PELICANS,107,MINNESOTA TIMBERWOLVES,99,False
2019-12-19 01:00:00+00:00,MEMPHIS GRIZZLIES,122,OKLAHOMA CITY THUNDER,126,True
2019-12-19 02:00:00+00:00,ORLANDO MAGIC,104,DENVER NUGGETS,113,True
2019-12-19 02:30:00+00:00,BOSTON CELTICS,109,DALLAS MAVERICKS,103,False
2019-12-19 03:00:00+00:00,GOLDEN STATE WARRIORS,112,PORTLAND TRAIL BLAZERS,122,True
2019-12-20 00:30:00+00:00,UTAH JAZZ,111,ATLANTA HAWKS,106,False
2019-12-20 01:00:00+00:00,LOS ANGELES LAKERS,104,MILWAUKEE BUCKS,111,True
2019-12-20 01:30:00+00:00,BROOKLYN NETS,105,SAN ANTONIO SPURS,118,True
2019-12-20 03:30:00+00:00,HOUSTON ROCKETS,122,LOS ANGELES CLIPPERS,117,False
2019-12-21 00:00:00+00:00,MEMPHIS GRIZZLIES,107,CLEVELAND CAVALIERS,114,True
2019-12-21 00:00:00+00:00,SACRAMENTO KINGS,105,INDIANA PACERS,119,True
2019-12-21 00:30:00+00:00,DETROIT PISTONS,93,BOSTON CELTICS,114,True
2019-12-21 00:30:00+00:00,WASHINGTON WIZARDS,118,TORONTO RAPTORS,122,True
2019-12-21 01:00:00+00:00,NEW YORK KNICKS,114,MIAMI HEAT,129,True
2019-12-21 01:00:00+00:00,PHOENIX SUNS,108,OKLAHOMA CITY THUNDER,126,True
2019-12-21 01:00:00+00:00,DALLAS MAVERICKS,117,PHILADELPHIA 76ERS,98,False
2019-12-21 02:00:00+00:00,MINNESOTA TIMBERWOLVES,100,DENVER NUGGETS,109,True
2019-12-21 03:00:00+00:00,ORLANDO MAGIC,103,PORTLAND TRAIL BLAZERS,118,True
2019-12-21 03:30:00+00:00,NEW ORLEANS PELICANS,102,GOLDEN STATE WARRIORS,106,True
2019-12-21 22:00:00+00:00,UTAH JAZZ,114,CHARLOTTE HORNETS,107,False
2019-12-21 23:00:00+00:00,ATLANTA HAWKS,112,BROOKLYN NETS,122,True
2019-12-22 00:00:00+00:00,CHICAGO BULLS,119,DETROIT PISTONS,107,False
2019-12-22 00:00:00+00:00,WASHINGTON WIZARDS,108,PHILADELPHIA 76ERS,125,True
2019-12-22 00:30:00+00:00,MILWAUKEE BUCKS,123,NEW YORK KNICKS,102,False
2019-12-22 01:00:00+00:00,SACRAMENTO KINGS,115,MEMPHIS GRIZZLIES,119,True
2019-12-22 01:30:00+00:00,LOS ANGELES CLIPPERS,134,SAN ANTONIO SPURS,109,False
2019-12-22 02:00:00+00:00,HOUSTON ROCKETS,139,PHOENIX SUNS,125,False
2019-12-22 03:00:00+00:00,MINNESOTA TIMBERWOLVES,106,PORTLAND TRAIL BLAZERS,113,True
2019-12-22 20:30:00+00:00,DALLAS MAVERICKS,107,TORONTO RAPTORS,110,True
2019-12-22 23:00:00+00:00,CHARLOTTE HORNETS,93,BOSTON CELTICS,119,True
2019-12-23 00:00:00+00:00,INDIANA PACERS,89,MILWAUKEE BUCKS,117,True
2019-12-23 00:00:00+00:00,LOS ANGELES CLIPPERS,112,OKLAHOMA CITY THUNDER,118,True
2019-12-23 02:30:00+00:00,DENVER NUGGETS,128,LOS ANGELES LAKERS,104,False
2019-12-24 00:00:00+00:00,ATLANTA HAWKS,118,CLEVELAND CAVALIERS,121,True
2019-12-24 00:00:00+00:00,PHILADELPHIA 76ERS,125,DETROIT PISTONS,109,False
2019-12-24 00:00:00+00:00,TORONTO RAPTORS,115,INDIANA PACERS,120,True
2019-12-24 00:00:00+00:00,WASHINGTON WIZARDS,121,NEW YORK KNICKS,115,False
2019-12-24 00:00:00+00:00,CHICAGO BULLS,95,ORLANDO MAGIC,103,True
2019-12-24 00:30:00+00:00,UTAH JAZZ,104,MIAMI HEAT,107,True
2019-12-24 01:00:00+00:00,SAN ANTONIO SPURS,145,MEMPHIS GRIZZLIES,115,False
2019-12-24 02:00:00+00:00,DENVER NUGGETS,113,PHOENIX SUNS,111,False
2019-12-24 03:00:00+00:00,NEW ORLEANS PELICANS,102,PORTLAND TRAIL BLAZERS,94,False
2019-12-24 03:00:00+00:00,HOUSTON ROCKETS,113,SACRAMENTO KINGS,104,False
2019-12-24 03:30:00+00:00,MINNESOTA TIMBERWOLVES,104,GOLDEN STATE WARRIORS,113,True
2019-12-25 17:00:00+00:00,BOSTON CELTICS,118,TORONTO RAPTORS,102,False
2019-12-25 19:30:00+00:00,MILWAUKEE BUCKS,109,PHILADELPHIA 76ERS,121,True
2019-12-25 22:00:00+00:00,HOUSTON ROCKETS,104,GOLDEN STATE WARRIORS,116,True
2019-12-26 01:00:00+00:00,LOS ANGELES CLIPPERS,111,LOS ANGELES LAKERS,106,False
2019-12-26 03:30:00+00:00,NEW ORLEANS PELICANS,112,DENVER NUGGETS,100,False
2019-12-27 00:00:00+00:00,WASHINGTON WIZARDS,102,DETROIT PISTONS,132,True
2019-12-27 00:30:00+00:00,NEW YORK KNICKS,94,BROOKLYN NETS,82,False
2019-12-27 01:00:00+00:00,SAN ANTONIO SPURS,98,DALLAS MAVERICKS,102,True
2019-12-27 01:00:00+00:00,MEMPHIS GRIZZLIES,110,OKLAHOMA CITY THUNDER,97,False
2019-12-27 03:00:00+00:00,MINNESOTA TIMBERWOLVES,105,SACRAMENTO KINGS,104,False
2019-12-27 03:30:00+00:00,PORTLAND TRAIL BLAZERS,115,UTAH JAZZ,121,True
2019-12-27 21:00:00+00:00,CLEVELAND CAVALIERS,117,BOSTON CELTICS,129,True
2019-12-28 00:00:00+00:00,OKLAHOMA CITY THUNDER,104,CHARLOTTE HORNETS,102,False
2019-12-28 00:00:00+00:00,PHILADELPHIA 76ERS,97,ORLANDO MAGIC,98,True
2019-12-28 00:30:00+00:00,MILWAUKEE BUCKS,112,ATLANTA HAWKS,86,False
2019-12-28 01:00:00+00:00,INDIANA PACERS,112,MIAMI HEAT,113,True
2019-12-28 03:30:00+00:00,PHOENIX SUNS,96,GOLDEN STATE WARRIORS,105,True
2019-12-28 22:00:00+00:00,MEMPHIS GRIZZLIES,110,DENVER NUGGETS,119,True
2019-12-29 00:00:00+00:00,TORONTO RAPTORS,113,BOSTON CELTICS,97,False
2019-12-29 00:00:00+00:00,INDIANA PACERS,98,NEW ORLEANS PELICANS,120,True
2019-12-29 01:00:00+00:00,ATLANTA HAWKS,81,CHICAGO BULLS,116,True
2019-12-29 01:00:00+00:00,BROOKLYN NETS,98,HOUSTON ROCKETS,108,True
2019-12-29 01:00:00+00:00,PHILADELPHIA 76ERS,116,MIAMI HEAT,117,True
2019-12-29 01:00:00+00:00,CLEVELAND CAVALIERS,94,MINNESOTA TIMBERWOLVES,88,False
2019-12-29 01:00:00+00:00,NEW YORK KNICKS,107,WASHINGTON WIZARDS,100,False
2019-12-29 01:30:00+00:00,DALLAS MAVERICKS,141,GOLDEN STATE WARRIORS,121,False
2019-12-29 01:30:00+00:00,ORLANDO MAGIC,100,MILWAUKEE BUCKS,111,True
2019-12-29 01:30:00+00:00,DETROIT PISTONS,109,SAN ANTONIO SPURS,136,True
2019-12-29 02:00:00+00:00,PHOENIX SUNS,112,SACRAMENTO KINGS,110,False
2019-12-29 03:00:00+00:00,LOS ANGELES LAKERS,128,PORTLAND TRAIL BLAZERS,120,False
2019-12-29 03:30:00+00:00,UTAH JAZZ,120,LOS ANGELES CLIPPERS,107,False
2019-12-29 23:00:00+00:00,OKLAHOMA CITY THUNDER,98,TORONTO RAPTORS,97,False
2019-12-30 01:00:00+00:00,SACRAMENTO KINGS,115,DENVER NUGGETS,120,True
2019-12-30 01:00:00+00:00,CHARLOTTE HORNETS,104,MEMPHIS GRIZZLIES,117,True
2019-12-30 01:00:00+00:00,HOUSTON ROCKETS,112,NEW ORLEANS PELICANS,127,True
2019-12-30 02:30:00+00:00,DALLAS MAVERICKS,95,LOS ANGELES LAKERS,108,True
2019-12-31 00:00:00+00:00,ATLANTA HAWKS,101,ORLANDO MAGIC,93,False
2019-12-31 00:00:00+00:00,MIAMI HEAT,105,WASHINGTON WIZARDS,123,True
2019-12-31 01:00:00+00:00,MILWAUKEE BUCKS,123,CHICAGO BULLS,102,False
2019-12-31 01:00:00+00:00,BROOKLYN NETS,115,MINNESOTA TIMBERWOLVES,122,True
2019-12-31 02:00:00+00:00,DETROIT PISTONS,81,UTAH JAZZ,104,True
2019-12-31 03:00:00+00:00,PHOENIX SUNS,122,PORTLAND TRAIL BLAZERS,116,False
2019-12-31 20:00:00+00:00,BOSTON CELTICS,109,CHARLOTTE HORNETS,92,False
2019-12-31 20:00:00+00:00,PHILADELPHIA 76ERS,97,INDIANA PACERS,115,True
2019-12-31 22:00:00+00:00,LOS ANGELES CLIPPERS,105,SACRAMENTO KINGS,87,False
2020-01-01 00:00:00+00:00,DENVER NUGGETS,104,HOUSTON ROCKETS,130,True
2020-01-01 00:00:00+00:00,GOLDEN STATE WARRIORS,113,SAN ANTONIO SPURS,117,True
2020-01-01 00:00:00+00:00,CLEVELAND CAVALIERS,97,TORONTO RAPTORS,117,True
2020-01-01 01:00:00+00:00,DALLAS MAVERICKS,101,OKLAHOMA CITY THUNDER,106,True
2020-01-01 23:00:00+00:00,ORLANDO MAGIC,122,WASHINGTON WIZARDS,101,False
2020-01-02 00:30:00+00:00,PORTLAND TRAIL BLAZERS,93,NEW YORK KNICKS,117,True
2020-01-02 01:00:00+00:00,MINNESOTA TIMBERWOLVES,104,MILWAUKEE BUCKS,106,True
2020-01-02 03:30:00+00:00,PHOENIX SUNS,107,LOS ANGELES LAKERS,117,True
2020-01-03 00:00:00+00:00,CHARLOTTE HORNETS,109,CLEVELAND CAVALIERS,106,False
2020-01-03 00:00:00+00:00,DENVER NUGGETS,124,INDIANA PACERS,116,False
2020-01-03 00:30:00+00:00,TORONTO RAPTORS,76,MIAMI HEAT,84,True
2020-01-03 01:00:00+00:00,UTAH JAZZ,102,CHICAGO BULLS,98,False
2020-01-03 01:00:00+00:00,GOLDEN STATE WARRIORS,84,MINNESOTA TIMBERWOLVES,99,True
2020-01-03 01:30:00+00:00,BROOKLYN NETS,111,DALLAS MAVERICKS,123,True
2020-01-03 01:30:00+00:00,OKLAHOMA CITY THUNDER,109,SAN ANTONIO SPURS,103,False
2020-01-03 03:00:00+00:00,MEMPHIS GRIZZLIES,123,SACRAMENTO KINGS,128,True
2020-01-03 03:30:00+00:00,DETROIT PISTONS,112,LOS ANGELES CLIPPERS,126,True
2020-01-04 00:00:00+00:00,ATLANTA HAWKS,106,BOSTON CELTICS,109,True
2020-01-04 00:00:00+00:00,MIAMI HEAT,85,ORLANDO MAGIC,105,True
2020-01-04 00:00:00+00:00,PORTLAND TRAIL BLAZERS,122,WASHINGTON WIZARDS,103,False
2020-01-04 01:00:00+00:00,PHILADELPHIA 76ERS,108,HOUSTON ROCKETS,118,True
2020-01-04 02:00:00+00:00,NEW YORK KNICKS,112,PHOENIX SUNS,120,True
2020-01-04 03:30:00+00:00,NEW ORLEANS PELICANS,113,LOS ANGELES LAKERS,123,True
2020-01-04 20:30:00+00:00,MEMPHIS GRIZZLIES,140,LOS ANGELES CLIPPERS,114,False
2020-01-04 23:00:00+00:00,TORONTO RAPTORS,121,BROOKLYN NETS,102,False
2020-01-05 00:00:00+00:00,UTAH JAZZ,109,ORLANDO MAGIC,96,False
2020-01-05 00:30:00+00:00,INDIANA PACERS,111,ATLANTA HAWKS,116,True
2020-01-05 00:30:00+00:00,OKLAHOMA CITY THUNDER,121,CLEVELAND CAVALIERS,106,False
2020-01-05 01:00:00+00:00,BOSTON CELTICS,111,CHICAGO BULLS,104,False
2020-01-05 01:00:00+00:00,DENVER NUGGETS,114,WASHINGTON WIZARDS,128,True
2020-01-05 01:30:00+00:00,CHARLOTTE HORNETS,123,DALLAS MAVERICKS,120,False
2020-01-05 01:30:00+00:00,DETROIT PISTONS,111,GOLDEN STATE WARRIORS,104,False
2020-01-05 01:30:00+00:00,SAN ANTONIO SPURS,118,MILWAUKEE BUCKS,127,True
2020-01-05 03:00:00+00:00,NEW ORLEANS PELICANS,117,SACRAMENTO KINGS,115,False
2020-01-05 20:30:00+00:00,NEW YORK KNICKS,132,LOS ANGELES CLIPPERS,135,True
2020-01-05 23:00:00+00:00,PORTLAND TRAIL BLAZERS,111,MIAMI HEAT,122,True
2020-01-06 00:30:00+00:00,MINNESOTA TIMBERWOLVES,118,CLEVELAND CAVALIERS,103,False
2020-01-06 01:00:00+00:00,MEMPHIS GRIZZLIES,121,PHOENIX SUNS,114,False
2020-01-06 03:00:00+00:00,DETROIT PISTONS,99,LOS ANGELES LAKERS,106,True
2020-01-07 00:00:00+00:00,INDIANA PACERS,115,CHARLOTTE HORNETS,104,False
2020-01-07 00:00:00+00:00,BROOKLYN NETS,89,ORLANDO MAGIC,101,True
2020-01-07 00:00:00+00:00,OKLAHOMA CITY THUNDER,113,PHILADELPHIA 76ERS,120,True
2020-01-07 00:00:00+00:00,BOSTON CELTICS,94,WASHINGTON WIZARDS,99,True
2020-01-07 00:30:00+00:00,DENVER NUGGETS,123,ATLANTA HAWKS,115,False
2020-01-07 01:00:00+00:00,UTAH JAZZ,128,NEW ORLEANS PELICANS,126,False
2020-01-07 01:30:00+00:00,CHICAGO BULLS,110,DALLAS MAVERICKS,118,True
2020-01-07 01:30:00+00:00,MILWAUKEE BUCKS,104,SAN ANTONIO SPURS,126,True
2020-01-07 03:00:00+00:00,GOLDEN STATE WARRIORS,98,SACRAMENTO KINGS,111,True
2020-01-08 00:00:00+00:00,DETROIT PISTONS,115,CLEVELAND CAVALIERS,113,False
2020-01-08 00:00:00+00:00,PORTLAND TRAIL BLAZERS,101,TORONTO RAPTORS,99,False
2020-01-08 00:30:00+00:00,OKLAHOMA CITY THUNDER,111,BROOKLYN NETS,103,False
2020-01-08 01:00:00+00:00,MINNESOTA TIMBERWOLVES,112,MEMPHIS GRIZZLIES,119,True
2020-01-08 02:00:00+00:00,SACRAMENTO KINGS,114,PHOENIX SUNS,103,False
2020-01-08 03:30:00+00:00,NEW YORK KNICKS,87,LOS ANGELES LAKERS,117,True
2020-01-09 00:00:00+00:00,SAN ANTONIO SPURS,129,BOSTON CELTICS,114,False
2020-01-09 00:00:00+00:00,TORONTO RAPTORS,112,CHARLOTTE HORNETS,110,False
2020-01-09 00:00:00+00:00,MIAMI HEAT,122,INDIANA PACERS,108,False
2020-01-09 00:00:00+00:00,WASHINGTON WIZARDS,89,ORLANDO MAGIC,123,True
2020-01-09 00:30:00+00:00,HOUSTON ROCKETS,122,ATLANTA HAWKS,115,False
2020-01-09 00:30:00+00:00,DENVER NUGGETS,107,DALLAS MAVERICKS,106,False
2020-01-09 01:00:00+00:00,CHICAGO BULLS,108,NEW ORLEANS PELICANS,123,True
2020-01-09 02:00:00+00:00,NEW YORK KNICKS,104,UTAH JAZZ,128,True
2020-01-09 03:00:00+00:00,MILWAUKEE BUCKS,107,GOLDEN STATE WARRIORS,98,False
2020-01-10 00:00:00+00:00,CLEVELAND CAVALIERS,115,DETROIT PISTONS,112,False
2020-01-10 00:00:00+00:00,BOSTON CELTICS,98,PHILADELPHIA 76ERS,109,True
2020-01-10 01:00:00+00:00,PORTLAND TRAIL BLAZERS,102,MINNESOTA TIMBERWOLVES,116,True
2020-01-10 02:30:00+00:00,HOUSTON ROCKETS,92,OKLAHOMA CITY THUNDER,113,True
2020-01-11 00:00:00+00:00,ATLANTA HAWKS,101,WASHINGTON WIZARDS,111,True
2020-01-11 00:15:00+00:00,NEW ORLEANS PELICANS,123,NEW YORK KNICKS,111,False
2020-01-11 00:30:00+00:00,MIAMI HEAT,113,BROOKLYN NETS,117,True
2020-01-11 01:00:00+00:00,INDIANA PACERS,116,CHICAGO BULLS,105,False
2020-01-11 01:00:00+00:00,SAN ANTONIO SPURS,121,MEMPHIS GRIZZLIES,134,True
2020-01-11 02:00:00+00:00,ORLANDO MAGIC,94,PHOENIX SUNS,98,True
2020-01-11 02:00:00+00:00,CHARLOTTE HORNETS,92,UTAH JAZZ,109,True
2020-01-11 02:45:00+00:00,LOS ANGELES LAKERS,129,DALLAS MAVERICKS,114,False
2020-01-11 03:00:00+00:00,MILWAUKEE BUCKS,127,SACRAMENTO KINGS,106,False
2020-01-11 03:30:00+00:00,GOLDEN STATE WARRIORS,100,LOS ANGELES CLIPPERS,109,True
2020-01-11 22:00:00+00:00,MINNESOTA TIMBERWOLVES,109,HOUSTON ROCKETS,139,True
2020-01-12 00:00:00+00:00,NEW ORLEANS PELICANS,105,BOSTON CELTICS,140,True
2020-01-12 00:00:00+00:00,CHICAGO BULLS,108,DETROIT PISTONS,99,False
2020-01-12 01:00:00+00:00,LOS ANGELES LAKERS,125,OKLAHOMA CITY THUNDER,110,False
2020-01-12 01:30:00+00:00,PHILADELPHIA 76ERS,91,DALLAS MAVERICKS,109,True
2020-01-12 02:00:00+00:00,CLEVELAND CAVALIERS,111,DENVER NUGGETS,103,False
2020-01-12 03:00:00+00:00,MILWAUKEE BUCKS,122,PORTLAND TRAIL BLAZERS,101,False
2020-01-12 20:30:00+00:00,MIAMI HEAT,121,NEW YORK KNICKS,124,True
2020-01-12 20:30:00+00:00,UTAH JAZZ,127,WASHINGTON WIZARDS,116,False
2020-01-12 23:00:00+00:00,ATLANTA HAWKS,86,BROOKLYN NETS,108,True
2020-01-12 23:00:00+00:00,GOLDEN STATE WARRIORS,102,MEMPHIS GRIZZLIES,122,True
2020-01-12 23:00:00+00:00,SAN ANTONIO SPURS,105,TORONTO RAPTORS,104,False
2020-01-13 01:00:00+00:00,LOS ANGELES CLIPPERS,104,DENVER NUGGETS,114,True
2020-01-13 01:00:00+00:00,CHARLOTTE HORNETS,92,PHOENIX SUNS,100,True
2020-01-14 00:00:00+00:00,NEW ORLEANS PELICANS,117,DETROIT PISTONS,110,False
2020-01-14 00:00:00+00:00,PHILADELPHIA 76ERS,95,INDIANA PACERS,101,True
2020-01-14 00:30:00+00:00,CHICAGO BULLS,101,BOSTON CELTICS,113,True
2020-01-14 01:00:00+00:00,OKLAHOMA CITY THUNDER,117,MINNESOTA TIMBERWOLVES,104,False
2020-01-14 03:00:00+00:00,CHARLOTTE HORNETS,112,PORTLAND TRAIL BLAZERS,115,True
2020-01-14 03:00:00+00:00,ORLANDO MAGIC,114,SACRAMENTO KINGS,112,False
2020-01-14 03:30:00+00:00,CLEVELAND CAVALIERS,99,LOS ANGELES LAKERS,128,True
2020-01-15 00:30:00+00:00,PHOENIX SUNS,110,ATLANTA HAWKS,123,True
2020-01-15 00:30:00+00:00,UTAH JAZZ,118,BROOKLYN NETS,107,False
2020-01-15 01:00:00+00:00,HOUSTON ROCKETS,110,MEMPHIS GRIZZLIES,121,True
2020-01-15 01:00:00+00:00,NEW YORK KNICKS,102,MILWAUKEE BUCKS,128,True
2020-01-15 03:30:00+00:00,DALLAS MAVERICKS,124,GOLDEN STATE WARRIORS,97,False
2020-01-15 03:30:00+00:00,CLEVELAND CAVALIERS,103,LOS ANGELES CLIPPERS,128,True
2020-01-16 00:00:00+00:00,DETROIT PISTONS,116,BOSTON CELTICS,103,False
2020-01-16 00:00:00+00:00,BROOKLYN NETS,106,PHILADELPHIA 76ERS,117,True
2020-01-16 00:30:00+00:00,SAN ANTONIO SPURS,100,MIAMI HEAT,106,True
2020-01-16 01:00:00+00:00,WASHINGTON WIZARDS,106,CHICAGO BULLS,115,True
2020-01-16 01:00:00+00:00,INDIANA PACERS,104,MINNESOTA TIMBERWOLVES,99,False
2020-01-16 01:00:00+00:00,TORONTO RAPTORS,130,OKLAHOMA CITY THUNDER,121,False
2020-01-16 02:00:00+00:00,CHARLOTTE HORNETS,86,DENVER NUGGETS,100,True
2020-01-16 02:30:00+00:00,PORTLAND TRAIL BLAZERS,117,HOUSTON ROCKETS,107,False
2020-01-16 03:00:00+00:00,DALLAS MAVERICKS,127,SACRAMENTO KINGS,123,False
2020-01-16 03:30:00+00:00,ORLANDO MAGIC,119,LOS ANGELES LAKERS,118,False
2020-01-17 00:30:00+00:00,PHOENIX SUNS,121,NEW YORK KNICKS,98,False
2020-01-17 01:00:00+00:00,BOSTON CELTICS,123,MILWAUKEE BUCKS,128,True
2020-01-17 01:00:00+00:00,UTAH JAZZ,132,NEW ORLEANS PELICANS,138,True
2020-01-17 03:30:00+00:00,DENVER NUGGETS,134,GOLDEN STATE WARRIORS,131,False
2020-01-17 03:30:00+00:00,ORLANDO MAGIC,95,LOS ANGELES CLIPPERS,122,True
2020-01-18 00:00:00+00:00,MINNESOTA TIMBERWOLVES,114,INDIANA PACERS,116,True
2020-01-18 00:00:00+00:00,CHICAGO BULLS,89,PHILADELPHIA 76ERS,100,True
2020-01-18 00:00:00+00:00,WASHINGTON WIZARDS,111,TORONTO RAPTORS,140,True
2020-01-18 01:00:00+00:00,CLEVELAND CAVALIERS,109,MEMPHIS GRIZZLIES,113,True
2020-01-18 01:00:00+00:00,MIAMI HEAT,115,OKLAHOMA CITY THUNDER,108,False
2020-01-18 01:30:00+00:00,ATLANTA HAWKS,121,SAN ANTONIO SPURS,120,False
2020-01-18 02:30:00+00:00,PORTLAND TRAIL BLAZERS,112,DALLAS MAVERICKS,120,True
2020-01-18 20:30:00+00:00,LOS ANGELES CLIPPERS,133,NEW ORLEANS PELICANS,130,False
2020-01-18 23:00:00+00:00,MILWAUKEE BUCKS,117,BROOKLYN NETS,97,False
2020-01-19 00:00:00+00:00,PHOENIX SUNS,123,BOSTON CELTICS,119,False
2020-01-19 00:30:00+00:00,DETROIT PISTONS,136,ATLANTA HAWKS,103,False
2020-01-19 00:30:00+00:00,PHILADELPHIA 76ERS,90,NEW YORK KNICKS,87,False
2020-01-19 01:00:00+00:00,CLEVELAND CAVALIERS,116,CHICAGO BULLS,118,True
2020-01-19 01:00:00+00:00,TORONTO RAPTORS,122,MINNESOTA TIMBERWOLVES,112,False
2020-01-19 01:30:00+00:00,ORLANDO MAGIC,95,GOLDEN STATE WARRIORS,109,True
2020-01-19 01:30:00+00:00,LOS ANGELES LAKERS,124,HOUSTON ROCKETS,115,False
2020-01-19 02:00:00+00:00,PORTLAND TRAIL BLAZERS,106,OKLAHOMA CITY THUNDER,119,True
2020-01-19 02:00:00+00:00,SACRAMENTO KINGS,101,UTAH JAZZ,123,True
2020-01-19 20:00:00+00:00,MIAMI HEAT,102,SAN ANTONIO SPURS,107,True
2020-01-20 01:00:00+00:00,INDIANA PACERS,115,DENVER NUGGETS,107,False
2020-01-20 19:00:00+00:00,DETROIT PISTONS,100,WASHINGTON WIZARDS,106,True
2020-01-20 19:30:00+00:00,TORONTO RAPTORS,122,ATLANTA HAWKS,117,False
2020-01-20 20:00:00+00:00,PHILADELPHIA 76ERS,117,BROOKLYN NETS,111,False
2020-01-20 22:00:00+00:00,ORLANDO MAGIC,106,CHARLOTTE HORNETS,83,False
2020-01-20 22:00:00+00:00,NEW YORK KNICKS,106,CLEVELAND CAVALIERS,86,False
2020-01-20 22:00:00+00:00,OKLAHOMA CITY THUNDER,112,HOUSTON ROCKETS,107,False
2020-01-20 22:00:00+00:00,NEW ORLEANS PELICANS,126,MEMPHIS GRIZZLIES,116,False
2020-01-20 22:00:00+00:00,SACRAMENTO KINGS,113,MIAMI HEAT,118,True
2020-01-20 22:00:00+00:00,CHICAGO BULLS,98,MILWAUKEE BUCKS,111,True
2020-01-21 00:30:00+00:00,LOS ANGELES LAKERS,107,BOSTON CELTICS,139,True
2020-01-21 01:00:00+00:00,DENVER NUGGETS,107,MINNESOTA TIMBERWOLVES,100,False
2020-01-21 02:00:00+00:00,SAN ANTONIO SPURS,120,PHOENIX SUNS,118,False
2020-01-21 02:00:00+00:00,INDIANA PACERS,88,UTAH JAZZ,118,True
2020-01-21 03:00:00+00:00,GOLDEN STATE WARRIORS,124,PORTLAND TRAIL BLAZERS,129,True
2020-01-22 01:30:00+00:00,LOS ANGELES CLIPPERS,110,DALLAS MAVERICKS,107,False
2020-01-23 00:00:00+00:00,SACRAMENTO KINGS,106,DETROIT PISTONS,127,True
2020-01-23 00:00:00+00:00,OKLAHOMA CITY THUNDER,120,ORLANDO MAGIC,114,False
2020-01-23 00:00:00+00:00,PHILADELPHIA 76ERS,95,TORONTO RAPTORS,107,True
2020-01-23 00:30:00+00:00,LOS ANGELES CLIPPERS,95,ATLANTA HAWKS,102,True
2020-01-23 00:30:00+00:00,MEMPHIS GRIZZLIES,95,BOSTON CELTICS,119,True
2020-01-23 00:30:00+00:00,WASHINGTON WIZARDS,129,MIAMI HEAT,134,True
2020-01-23 00:30:00+00:00,LOS ANGELES LAKERS,100,NEW YORK KNICKS,92,False
2020-01-23 01:00:00+00:00,MINNESOTA TIMBERWOLVES,110,CHICAGO BULLS,117,True
2020-01-23 01:00:00+00:00,DENVER NUGGETS,105,HOUSTON ROCKETS,121,True
2020-01-23 02:00:00+00:00,INDIANA PACERS,112,PHOENIX SUNS,87,False
2020-01-23 02:30:00+00:00,SAN ANTONIO SPURS,121,NEW ORLEANS PELICANS,117,False
2020-01-23 03:00:00+00:00,UTAH JAZZ,129,GOLDEN STATE WARRIORS,96,False
2020-01-24 00:00:00+00:00,WASHINGTON WIZARDS,124,CLEVELAND CAVALIERS,112,False
2020-01-24 01:00:00+00:00,LOS ANGELES LAKERS,128,BROOKLYN NETS,113,False
2020-01-24 03:30:00+00:00,DALLAS MAVERICKS,133,PORTLAND TRAIL BLAZERS,125,False
2020-01-24 20:00:00+00:00,MILWAUKEE BUCKS,116,CHARLOTTE HORNETS,103,False
2020-01-25 00:00:00+00:00,MEMPHIS GRIZZLIES,125,DETROIT PISTONS,112,False
2020-01-25 00:00:00+00:00,BOSTON CELTICS,109,ORLANDO MAGIC,98,False
2020-01-25 00:30:00+00:00,TORONTO RAPTORS,118,NEW YORK KNICKS,112,False
2020-01-25 01:00:00+00:00,SACRAMENTO KINGS,98,CHICAGO BULLS,81,False
2020-01-25 01:00:00+00:00,LOS ANGELES CLIPPERS,122,MIAMI HEAT,117,False
2020-01-25 01:00:00+00:00,HOUSTON ROCKETS,131,MINNESOTA TIMBERWOLVES,124,False
2020-01-25 01:00:00+00:00,DENVER NUGGETS,113,NEW ORLEANS PELICANS,106,False
2020-01-25 01:00:00+00:00,ATLANTA HAWKS,111,OKLAHOMA CITY THUNDER,140,True
2020-01-25 01:30:00+00:00,PHOENIX SUNS,103,SAN ANTONIO SPURS,99,False
2020-01-25 03:30:00+00:00,INDIANA PACERS,129,GOLDEN STATE WARRIORS,118,False
2020-01-25 22:00:00+00:00,DALLAS MAVERICKS,107,UTAH JAZZ,112,True
2020-01-26 00:00:00+00:00,BROOKLYN NETS,121,DETROIT PISTONS,111,False
2020-01-26 01:00:00+00:00,CHICAGO BULLS,118,CLEVELAND CAVALIERS,106,False
2020-01-26 01:00:00+00:00,OKLAHOMA CITY THUNDER,113,MINNESOTA TIMBERWOLVES,104,False
2020-01-26 01:30:00+00:00,LOS ANGELES LAKERS,91,PHILADELPHIA 76ERS,108,True
2020-01-26 20:30:00+00:00,HOUSTON ROCKETS,110,DENVER NUGGETS,117,True
2020-01-26 21:00:00+00:00,TORONTO RAPTORS,110,SAN ANTONIO SPURS,106,False
2020-01-26 23:00:00+00:00,WASHINGTON WIZARDS,133,ATLANTA HAWKS,152,True
2020-01-26 23:00:00+00:00,PHOENIX SUNS,109,MEMPHIS GRIZZLIES,114,True
2020-01-26 23:00:00+00:00,BOSTON CELTICS,108,NEW ORLEANS PELICANS,123,True
2020-01-26 23:00:00+00:00,BROOKLYN NETS,97,NEW YORK KNICKS,110,True
2020-01-26 23:00:00+00:00,LOS ANGELES CLIPPERS,112,ORLANDO MAGIC,97,False
2020-01-27 02:00:00+00:00,INDIANA PACERS,129,PORTLAND TRAIL BLAZERS,139,True
2020-01-28 00:00:00+00:00,CLEVELAND CAVALIERS,115,DETROIT PISTONS,100,False
2020-01-28 00:30:00+00:00,ORLANDO MAGIC,92,MIAMI HEAT,113,True
2020-01-28 01:00:00+00:00,SAN ANTONIO SPURS,109,CHICAGO BULLS,110,True
2020-01-28 01:00:00+00:00,SACRAMENTO KINGS,133,MINNESOTA TIMBERWOLVES,129,False
2020-01-28 01:00:00+00:00,DALLAS MAVERICKS,107,OKLAHOMA CITY THUNDER,97,False
2020-01-28 02:00:00+00:00,HOUSTON ROCKETS,126,UTAH JAZZ,117,False
2020-01-29 00:00:00+00:00,NEW YORK KNICKS,92,CHARLOTTE HORNETS,97,True
2020-01-29 00:00:00+00:00,GOLDEN STATE WARRIORS,104,PHILADELPHIA 76ERS,115,True
2020-01-29 00:30:00+00:00,NEW ORLEANS PELICANS,125,CLEVELAND CAVALIERS,111,False
2020-01-29 00:30:00+00:00,ATLANTA HAWKS,114,TORONTO RAPTORS,130,True
2020-01-29 01:00:00+00:00,DENVER NUGGETS,96,MEMPHIS GRIZZLIES,104,True
2020-01-29 01:00:00+00:00,BOSTON CELTICS,109,MIAMI HEAT,101,False
2020-01-29 01:00:00+00:00,WASHINGTON WIZARDS,131,MILWAUKEE BUCKS,151,True
2020-01-29 01:30:00+00:00,PHOENIX SUNS,133,DALLAS MAVERICKS,104,False
2020-01-30 00:00:00+00:00,CHICAGO BULLS,106,INDIANA PACERS,115,True
2020-01-30 00:30:00+00:00,DETROIT PISTONS,115,BROOKLYN NETS,125,True
2020-01-30 00:30:00+00:00,MEMPHIS GRIZZLIES,127,NEW YORK KNICKS,106,False
2020-01-30 01:30:00+00:00,UTAH JAZZ,120,SAN ANTONIO SPURS,127,True
2020-01-30 03:00:00+00:00,HOUSTON ROCKETS,112,PORTLAND TRAIL BLAZERS,125,True
2020-01-30 03:00:00+00:00,OKLAHOMA CITY THUNDER,120,SACRAMENTO KINGS,100,False
2020-01-31 00:00:00+00:00,TORONTO RAPTORS,115,CLEVELAND CAVALIERS,109,False
2020-01-31 00:00:00+00:00,CHARLOTTE HORNETS,107,WASHINGTON WIZARDS,121,True
2020-01-31 00:30:00+00:00,PHILADELPHIA 76ERS,117,ATLANTA HAWKS,127,True
2020-01-31 01:00:00+00:00,GOLDEN STATE WARRIORS,104,BOSTON CELTICS,119,True
2020-01-31 03:30:00+00:00,UTAH JAZZ,100,DENVER NUGGETS,106,True
2020-01-31 03:30:00+00:00,SACRAMENTO KINGS,124,LOS ANGELES CLIPPERS,103,False
2020-02-01 00:00:00+00:00,TORONTO RAPTORS,105,DETROIT PISTONS,92,False
2020-02-01 00:30:00+00:00,CHICAGO BULLS,118,BROOKLYN NETS,133,True
2020-02-01 00:30:00+00:00,DALLAS MAVERICKS,121,HOUSTON ROCKETS,128,True
2020-02-01 01:00:00+00:00,MEMPHIS GRIZZLIES,111,NEW ORLEANS PELICANS,139,True
2020-02-01 02:00:00+00:00,DENVER NUGGETS,127,MILWAUKEE BUCKS,115,False
2020-02-01 02:00:00+00:00,OKLAHOMA CITY THUNDER,111,PHOENIX SUNS,107,False
2020-02-01 03:30:00+00:00,PORTLAND TRAIL BLAZERS,127,LOS ANGELES LAKERS,119,False
2020-02-01 20:30:00+00:00,MINNESOTA TIMBERWOLVES,106,LOS ANGELES CLIPPERS,118,True
2020-02-02 00:00:00+00:00,NEW YORK KNICKS,92,INDIANA PACERS,85,False
2020-02-02 00:00:00+00:00,MIAMI HEAT,102,ORLANDO MAGIC,89,False
2020-02-02 01:00:00+00:00,GOLDEN STATE WARRIORS,131,CLEVELAND CAVALIERS,112,False
2020-02-02 01:00:00+00:00,BROOKLYN NETS,107,WASHINGTON WIZARDS,113,True
2020-02-02 01:30:00+00:00,PHILADELPHIA 76ERS,95,BOSTON CELTICS,116,True
2020-02-02 01:30:00+00:00,ATLANTA HAWKS,100,DALLAS MAVERICKS,123,True
2020-02-02 02:00:00+00:00,CHARLOTTE HORNETS,90,SAN ANTONIO SPURS,114,True
2020-02-02 03:00:00+00:00,LOS ANGELES LAKERS,129,SACRAMENTO KINGS,113,False
2020-02-02 03:30:00+00:00,UTAH JAZZ,107,PORTLAND TRAIL BLAZERS,124,True
2020-02-02 17:30:00+00:00,DENVER NUGGETS,123,DETROIT PISTONS,128,True
2020-02-02 19:00:00+00:00,NEW ORLEANS PELICANS,109,HOUSTON ROCKETS,117,True
2020-02-02 19:00:00+00:00,PHOENIX SUNS,108,MILWAUKEE BUCKS,129,True
2020-02-02 20:00:00+00:00,CHICAGO BULLS,102,TORONTO RAPTORS,129,True
2020-02-04 00:00:00+00:00,ORLANDO MAGIC,112,CHARLOTTE HORNETS,100,False
2020-02-04 00:00:00+00:00,NEW YORK KNICKS,139,CLEVELAND CAVALIERS,134,False
2020-02-04 00:00:00+00:00,DALLAS MAVERICKS,112,INDIANA PACERS,103,False
2020-02-04 00:00:00+00:00,GOLDEN STATE WARRIORS,125,WASHINGTON WIZARDS,117,False
2020-02-04 00:30:00+00:00,BOSTON CELTICS,123,ATLANTA HAWKS,115,False
2020-02-04 00:30:00+00:00,PHOENIX SUNS,97,BROOKLYN NETS,119,True
2020-02-04 00:30:00+00:00,PHILADELPHIA 76ERS,106,MIAMI HEAT,137,True
2020-02-04 01:00:00+00:00,DETROIT PISTONS,82,MEMPHIS GRIZZLIES,96,True
2020-02-04 03:00:00+00:00,MINNESOTA TIMBERWOLVES,109,SACRAMENTO KINGS,113,True
2020-02-04 03:30:00+00:00,SAN ANTONIO SPURS,105,LOS ANGELES CLIPPERS,108,True
2020-02-05 00:30:00+00:00,MILWAUKEE BUCKS,120,NEW ORLEANS PELICANS,108,False
2020-02-05 01:00:00+00:00,CHARLOTTE HORNETS,110,HOUSTON ROCKETS,125,True
2020-02-05 02:00:00+00:00,PORTLAND TRAIL BLAZERS,99,DENVER NUGGETS,127,True
2020-02-05 03:00:00+00:00,SAN ANTONIO SPURS,102,LOS ANGELES LAKERS,129,True
2020-02-06 00:00:00+00:00,PHOENIX SUNS,108,DETROIT PISTONS,116,True
2020-02-06 00:30:00+00:00,ORLANDO MAGIC,100,BOSTON CELTICS,116,True
2020-02-06 00:30:00+00:00,GOLDEN STATE WARRIORS,88,BROOKLYN NETS,129,True
2020-02-06 00:30:00+00:00,INDIANA PACERS,118,TORONTO RAPTORS,119,True
2020-02-06 01:00:00+00:00,ATLANTA HAWKS,127,MINNESOTA TIMBERWOLVES,120,False
2020-02-06 01:00:00+00:00,CLEVELAND CAVALIERS,103,OKLAHOMA CITY THUNDER,109,True
2020-02-06 01:30:00+00:00,MEMPHIS GRIZZLIES,121,DALLAS MAVERICKS,107,False
2020-02-06 02:00:00+00:00,DENVER NUGGETS,98,UTAH JAZZ,95,False
2020-02-06 03:00:00+00:00,MIAMI HEAT,111,LOS ANGELES CLIPPERS,128,True
2020-02-07 00:30:00+00:00,ORLANDO MAGIC,103,NEW YORK KNICKS,105,True
2020-02-07 01:00:00+00:00,NEW ORLEANS PELICANS,125,CHICAGO BULLS,119,False
2020-02-07 01:00:00+00:00,PHILADELPHIA 76ERS,101,MILWAUKEE BUCKS,112,True
2020-02-07 03:00:00+00:00,SAN ANTONIO SPURS,117,PORTLAND TRAIL BLAZERS,125,True
2020-02-07 03:30:00+00:00,HOUSTON ROCKETS,121,LOS ANGELES LAKERS,111,False
2020-02-08 00:00:00+00:00,MEMPHIS GRIZZLIES,107,PHILADELPHIA 76ERS,119,True
2020-02-08 00:00:00+00:00,DALLAS MAVERICKS,118,WASHINGTON WIZARDS,119,True
2020-02-08 00:30:00+00:00,ATLANTA HAWKS,107,BOSTON CELTICS,112,True
2020-02-08 01:00:00+00:00,TORONTO RAPTORS,115,INDIANA PACERS,106,False
2020-02-08 01:00:00+00:00,DETROIT PISTONS,101,OKLAHOMA CITY THUNDER,108,True
2020-02-08 02:00:00+00:00,HOUSTON ROCKETS,91,PHOENIX SUNS,127,True
2020-02-08 03:00:00+00:00,MIAMI HEAT,97,SACRAMENTO KINGS,105,True
2020-02-08 03:30:00+00:00,PORTLAND TRAIL BLAZERS,114,UTAH JAZZ,117,True
2020-02-08 22:00:00+00:00,MILWAUKEE BUCKS,111,ORLANDO MAGIC,95,False
2020-02-09 00:00:00+00:00,DALLAS MAVERICKS,116,CHARLOTTE HORNETS,100,False
2020-02-09 00:00:00+00:00,NEW YORK KNICKS,95,DETROIT PISTONS,92,False
2020-02-09 00:30:00+00:00,NEW ORLEANS PELICANS,124,INDIANA PACERS,117,False
2020-02-09 00:30:00+00:00,BROOKLYN NETS,118,TORONTO RAPTORS,119,True
2020-02-09 01:00:00+00:00,LOS ANGELES CLIPPERS,115,MINNESOTA TIMBERWOLVES,142,True
2020-02-09 01:30:00+00:00,LOS ANGELES LAKERS,125,GOLDEN STATE WARRIORS,120,False
2020-02-09 02:00:00+00:00,DENVER NUGGETS,117,PHOENIX SUNS,108,False
2020-02-09 03:00:00+00:00,SAN ANTONIO SPURS,102,SACRAMENTO KINGS,122,True
2020-02-09 20:30:00+00:00,BOSTON CELTICS,112,OKLAHOMA CITY THUNDER,111,False
2020-02-09 23:00:00+00:00,NEW YORK KNICKS,135,ATLANTA HAWKS,140,True
2020-02-09 23:00:00+00:00,CHICAGO BULLS,111,PHILADELPHIA 76ERS,118,True
2020-02-09 23:00:00+00:00,MEMPHIS GRIZZLIES,106,WASHINGTON WIZARDS,99,False
2020-02-10 00:00:00+00:00,UTAH JAZZ,114,HOUSTON ROCKETS,113,False
2020-02-10 00:30:00+00:00,LOS ANGELES CLIPPERS,133,CLEVELAND CAVALIERS,92,False
2020-02-10 02:00:00+00:00,MIAMI HEAT,109,PORTLAND TRAIL BLAZERS,115,True
2020-02-11 00:00:00+00:00,CHARLOTTE HORNETS,87,DETROIT PISTONS,76,False
2020-02-11 00:00:00+00:00,BROOKLYN NETS,106,INDIANA PACERS,105,False
2020-02-11 00:00:00+00:00,ATLANTA HAWKS,126,ORLANDO MAGIC,135,True
2020-02-11 00:30:00+00:00,MINNESOTA TIMBERWOLVES,126,TORONTO RAPTORS,137,True
2020-02-11 01:00:00+00:00,SACRAMENTO KINGS,111,MILWAUKEE BUCKS,123,True
2020-02-11 01:30:00+00:00,UTAH JAZZ,123,DALLAS MAVERICKS,119,False
2020-02-11 02:00:00+00:00,SAN ANTONIO SPURS,120,DENVER NUGGETS,127,True
2020-02-11 03:30:00+00:00,MIAMI HEAT,113,GOLDEN STATE WARRIORS,101,False
2020-02-11 03:30:00+00:00,PHOENIX SUNS,100,LOS ANGELES LAKERS,125,True
2020-02-12 00:00:00+00:00,LOS ANGELES CLIPPERS,103,PHILADELPHIA 76ERS,110,True
2020-02-12 00:00:00+00:00,CHICAGO BULLS,114,WASHINGTON WIZARDS,126,True
2020-02-12 01:00:00+00:00,PORTLAND TRAIL BLAZERS,117,NEW ORLEANS PELICANS,138,True
2020-02-12 01:00:00+00:00,SAN ANTONIO SPURS,114,OKLAHOMA CITY THUNDER,106,False
2020-02-12 02:30:00+00:00,BOSTON CELTICS,105,HOUSTON ROCKETS,116,True
2020-02-13 00:00:00+00:00,ATLANTA HAWKS,105,CLEVELAND CAVALIERS,127,True
2020-02-13 00:00:00+00:00,DETROIT PISTONS,112,ORLANDO MAGIC,116,True
2020-02-13 00:30:00+00:00,TORONTO RAPTORS,91,BROOKLYN NETS,101,True
2020-02-13 00:30:00+00:00,MILWAUKEE BUCKS,111,INDIANA PACERS,118,True
2020-02-13 00:30:00+00:00,WASHINGTON WIZARDS,114,NEW YORK KNICKS,96,False
2020-02-13 01:00:00+00:00,PORTLAND TRAIL BLAZERS,104,MEMPHIS GRIZZLIES,111,True
2020-02-13 01:00:00+00:00,CHARLOTTE HORNETS,115,MINNESOTA TIMBERWOLVES,108,False
2020-02-13 01:30:00+00:00,SACRAMENTO KINGS,111,DALLAS MAVERICKS,130,True
2020-02-13 02:00:00+00:00,GOLDEN STATE WARRIORS,106,PHOENIX SUNS,112,True
2020-02-13 02:00:00+00:00,MIAMI HEAT,101,UTAH JAZZ,116,True
2020-02-13 03:00:00+00:00,LOS ANGELES LAKERS,120,DENVER NUGGETS,116,False
2020-02-14 01:00:00+00:00,LOS ANGELES CLIPPERS,133,BOSTON CELTICS,141,True
2020-02-14 01:00:00+00:00,OKLAHOMA CITY THUNDER,123,NEW ORLEANS PELICANS,118,False
2020-02-21 00:00:00+00:00,MILWAUKEE BUCKS,126,DETROIT PISTONS,106,False
2020-02-21 00:30:00+00:00,MIAMI HEAT,124,ATLANTA HAWKS,129,True
2020-02-21 01:00:00+00:00,CHARLOTTE HORNETS,103,CHICAGO BULLS,93,False
2020-02-21 01:00:00+00:00,BROOKLYN NETS,104,PHILADELPHIA 76ERS,112,True
2020-02-21 03:00:00+00:00,MEMPHIS GRIZZLIES,125,SACRAMENTO KINGS,129,True
2020-02-21 03:30:00+00:00,HOUSTON ROCKETS,135,GOLDEN STATE WARRIORS,105,False
2020-02-22 00:00:00+00:00,DALLAS MAVERICKS,122,ORLANDO MAGIC,106,False
2020-02-22 00:00:00+00:00,CLEVELAND CAVALIERS,113,WASHINGTON WIZARDS,108,False
2020-02-22 00:30:00+00:00,INDIANA PACERS,106,NEW YORK KNICKS,98,False
2020-02-22 00:30:00+00:00,PHOENIX SUNS,101,TORONTO RAPTORS,118,True
2020-02-22 01:00:00+00:00,BOSTON CELTICS,127,MINNESOTA TIMBERWOLVES,117,False
2020-02-22 01:00:00+00:00,DENVER NUGGETS,101,OKLAHOMA CITY THUNDER,113,True
2020-02-22 02:00:00+00:00,SAN ANTONIO SPURS,113,UTAH JAZZ,104,False
2020-02-22 03:30:00+00:00,MEMPHIS GRIZZLIES,105,LOS ANGELES LAKERS,117,True
2020-02-22 03:30:00+00:00,NEW ORLEANS PELICANS,128,PORTLAND TRAIL BLAZERS,115,False
2020-02-22 20:30:00+00:00,SACRAMENTO KINGS,112,LOS ANGELES CLIPPERS,103,False
2020-02-23 00:00:00+00:00,BROOKLYN NETS,115,CHARLOTTE HORNETS,86,False
2020-02-23 00:30:00+00:00,DALLAS MAVERICKS,107,ATLANTA HAWKS,111,True
2020-02-23 01:00:00+00:00,PHOENIX SUNS,112,CHICAGO BULLS,104,False
2020-02-23 01:00:00+00:00,CLEVELAND CAVALIERS,105,MIAMI HEAT,124,True
2020-02-23 01:30:00+00:00,PHILADELPHIA 76ERS,98,MILWAUKEE BUCKS,119,True
2020-02-23 02:00:00+00:00,HOUSTON ROCKETS,120,UTAH JAZZ,110,False
2020-02-23 20:30:00+00:00,BOSTON CELTICS,112,LOS ANGELES LAKERS,114,True
2020-02-23 23:00:00+00:00,MINNESOTA TIMBERWOLVES,116,DENVER NUGGETS,128,True
2020-02-23 23:00:00+00:00,INDIANA PACERS,81,TORONTO RAPTORS,127,True
2020-02-24 00:00:00+00:00,WASHINGTON WIZARDS,117,CHICAGO BULLS,126,True
2020-02-24 00:00:00+00:00,SAN ANTONIO SPURS,103,OKLAHOMA CITY THUNDER,131,True
2020-02-24 01:30:00+00:00,NEW ORLEANS PELICANS,115,GOLDEN STATE WARRIORS,101,False
2020-02-24 02:00:00+00:00,DETROIT PISTONS,104,PORTLAND TRAIL BLAZERS,107,True
2020-02-25 00:00:00+00:00,MIAMI HEAT,119,CLEVELAND CAVALIERS,125,True
2020-02-25 00:00:00+00:00,ATLANTA HAWKS,112,PHILADELPHIA 76ERS,129,True
2020-02-25 00:00:00+00:00,MILWAUKEE BUCKS,137,WASHINGTON WIZARDS,134,False
2020-02-25 00:30:00+00:00,ORLANDO MAGIC,115,BROOKLYN NETS,113,False
2020-02-25 01:00:00+00:00,NEW YORK KNICKS,112,HOUSTON ROCKETS,123,True
2020-02-25 01:30:00+00:00,MINNESOTA TIMBERWOLVES,123,DALLAS MAVERICKS,139,True
2020-02-25 02:00:00+00:00,PHOENIX SUNS,131,UTAH JAZZ,111,False
2020-02-25 03:30:00+00:00,MEMPHIS GRIZZLIES,97,LOS ANGELES CLIPPERS,124,True
2020-02-26 00:00:00+00:00,CHARLOTTE HORNETS,80,INDIANA PACERS,119,True
2020-02-26 00:30:00+00:00,MILWAUKEE BUCKS,108,TORONTO RAPTORS,97,False
2020-02-26 01:00:00+00:00,OKLAHOMA CITY THUNDER,124,CHICAGO BULLS,122,False
2020-02-26 02:00:00+00:00,DETROIT PISTONS,98,DENVER NUGGETS,115,True
2020-02-26 03:00:00+00:00,NEW ORLEANS PELICANS,109,LOS ANGELES LAKERS,118,True
2020-02-26 03:00:00+00:00,BOSTON CELTICS,118,PORTLAND TRAIL BLAZERS,106,False
2020-02-26 03:30:00+00:00,SACRAMENTO KINGS,112,GOLDEN STATE WARRIORS,94,False
2020-02-27 00:00:00+00:00,NEW YORK KNICKS,101,CHARLOTTE HORNETS,107,True
2020-02-27 00:00:00+00:00,PHILADELPHIA 76ERS,94,CLEVELAND CAVALIERS,108,True
2020-02-27 00:00:00+00:00,BROOKLYN NETS,106,WASHINGTON WIZARDS,110,True
2020-02-27 00:30:00+00:00,ORLANDO MAGIC,130,ATLANTA HAWKS,120,False
2020-02-27 00:30:00+00:00,MINNESOTA TIMBERWOLVES,129,MIAMI HEAT,126,False
2020-02-27 01:00:00+00:00,MEMPHIS GRIZZLIES,112,HOUSTON ROCKETS,140,True
2020-02-27 01:30:00+00:00,DALLAS MAVERICKS,109,SAN ANTONIO SPURS,103,False
2020-02-27 02:00:00+00:00,LOS ANGELES CLIPPERS,102,PHOENIX SUNS,92,False
2020-02-27 03:30:00+00:00,BOSTON CELTICS,114,UTAH JAZZ,103,False
2020-02-28 00:00:00+00:00,NEW YORK KNICKS,106,PHILADELPHIA 76ERS,115,True
2020-02-28 01:00:00+00:00,PORTLAND TRAIL BLAZERS,100,INDIANA PACERS,106,True
2020-02-28 01:00:00+00:00,SACRAMENTO KINGS,108,OKLAHOMA CITY THUNDER,112,True
2020-02-28 03:30:00+00:00,LOS ANGELES LAKERS,116,GOLDEN STATE WARRIORS,86,False
2020-02-29 00:00:00+00:00,MINNESOTA TIMBERWOLVES,125,ORLANDO MAGIC,136,True
2020-02-29 00:30:00+00:00,BROOKLYN NETS,118,ATLANTA HAWKS,141,True
2020-02-29 00:30:00+00:00,CHARLOTTE HORNETS,99,TORONTO RAPTORS,96,False
2020-02-29 01:00:00+00:00,SACRAMENTO KINGS,104,MEMPHIS GRIZZLIES,101,False
2020-02-29 01:00:00+00:00,DALLAS MAVERICKS,118,MIAMI HEAT,126,True
2020-02-29 01:00:00+00:00,OKLAHOMA CITY THUNDER,86,MILWAUKEE BUCKS,133,True
2020-02-29 01:00:00+00:00,CLEVELAND CAVALIERS,104,NEW ORLEANS PELICANS,116,True
2020-02-29 02:00:00+00:00,DETROIT PISTONS,113,PHOENIX SUNS,111,False
2020-02-29 02:00:00+00:00,WASHINGTON WIZARDS,119,UTAH JAZZ,129,True
2020-02-29 03:30:00+00:00,DENVER NUGGETS,103,LOS ANGELES CLIPPERS,132,True
2020-02-29 22:00:00+00:00,CHICAGO BULLS,115,NEW YORK KNICKS,125,True
2020-03-01 00:30:00+00:00,PORTLAND TRAIL BLAZERS,117,ATLANTA HAWKS,129,True
2020-03-01 00:30:00+00:00,BROOKLYN NETS,113,MIAMI HEAT,116,True
2020-03-01 01:00:00+00:00,INDIANA PACERS,113,CLEVELAND CAVALIERS,104,False
2020-03-01 01:00:00+00:00,LOS ANGELES LAKERS,88,MEMPHIS GRIZZLIES,105,True
2020-03-01 01:30:00+00:00,HOUSTON ROCKETS,111,BOSTON CELTICS,110,False
2020-03-01 01:30:00+00:00,ORLANDO MAGIC,113,SAN ANTONIO SPURS,114,True
2020-03-01 02:00:00+00:00,GOLDEN STATE WARRIORS,115,PHOENIX SUNS,99,False
2020-03-01 18:00:00+00:00,MILWAUKEE BUCKS,93,CHARLOTTE HORNETS,85,False
2020-03-01 20:30:00+00:00,PHILADELPHIA 76ERS,130,LOS ANGELES CLIPPERS,136,True
2020-03-01 20:30:00+00:00,DALLAS MAVERICKS,111,MINNESOTA TIMBERWOLVES,91,False
2020-03-01 23:00:00+00:00,TORONTO RAPTORS,118,DENVER NUGGETS,133,True
2020-03-01 23:00:00+00:00,DETROIT PISTONS,100,SACRAMENTO KINGS,106,True
2020-03-02 01:00:00+00:00,LOS ANGELES LAKERS,122,NEW ORLEANS PELICANS,114,False
2020-03-02 01:30:00+00:00,WASHINGTON WIZARDS,124,GOLDEN STATE WARRIORS,110,False
2020-03-03 00:00:00+00:00,UTAH JAZZ,126,CLEVELAND CAVALIERS,113,False
2020-03-03 00:00:00+00:00,HOUSTON ROCKETS,123,NEW YORK KNICKS,125,True
2020-03-03 00:00:00+00:00,PORTLAND TRAIL BLAZERS,130,ORLANDO MAGIC,107,False
2020-03-03 00:30:00+00:00,MEMPHIS GRIZZLIES,127,ATLANTA HAWKS,88,False
2020-03-03 00:30:00+00:00,MILWAUKEE BUCKS,89,MIAMI HEAT,105,True
2020-03-03 01:00:00+00:00,DALLAS MAVERICKS,107,CHICAGO BULLS,109,True
2020-03-03 01:30:00+00:00,INDIANA PACERS,116,SAN ANTONIO SPURS,111,False
2020-03-04 00:00:00+00:00,SAN ANTONIO SPURS,104,CHARLOTTE HORNETS,103,False
2020-03-04 00:30:00+00:00,BROOKLYN NETS,129,BOSTON CELTICS,120,False
2020-03-04 01:00:00+00:00,MINNESOTA TIMBERWOLVES,139,NEW ORLEANS PELICANS,134,False
2020-03-04 01:00:00+00:00,LOS ANGELES CLIPPERS,109,OKLAHOMA CITY THUNDER,94,False
2020-03-04 02:00:00+00:00,GOLDEN STATE WARRIORS,116,DENVER NUGGETS,100,False
2020-03-04 02:00:00+00:00,TORONTO RAPTORS,123,PHOENIX SUNS,114,False
2020-03-04 03:00:00+00:00,PHILADELPHIA 76ERS,107,LOS ANGELES LAKERS,120,True
2020-03-04 03:00:00+00:00,WASHINGTON WIZARDS,126,SACRAMENTO KINGS,133,True
2020-03-05 00:00:00+00:00,BOSTON CELTICS,112,CLEVELAND CAVALIERS,106,False
2020-03-05 00:00:00+00:00,OKLAHOMA CITY THUNDER,114,DETROIT PISTONS,107,False
2020-03-05 00:00:00+00:00,INDIANA PACERS,100,MILWAUKEE BUCKS,119,True
2020-03-05 00:30:00+00:00,MEMPHIS GRIZZLIES,118,BROOKLYN NETS,79,False
2020-03-05 00:30:00+00:00,UTAH JAZZ,112,NEW YORK KNICKS,104,False
2020-03-05 00:30:00+00:00,ORLANDO MAGIC,113,MIAMI HEAT,116,True
2020-03-05 01:00:00+00:00,CHICAGO BULLS,108,MINNESOTA TIMBERWOLVES,115,True
2020-03-05 02:30:00+00:00,NEW ORLEANS PELICANS,123,DALLAS MAVERICKS,127,True
2020-03-05 03:00:00+00:00,WASHINGTON WIZARDS,104,PORTLAND TRAIL BLAZERS,125,True
2020-03-06 00:00:00+00:00,DENVER NUGGETS,114,CHARLOTTE HORNETS,112,False
2020-03-06 01:00:00+00:00,LOS ANGELES CLIPPERS,120,HOUSTON ROCKETS,105,False
2020-03-06 03:00:00+00:00,PHILADELPHIA 76ERS,125,SACRAMENTO KINGS,108,False
2020-03-06 03:30:00+00:00,TORONTO RAPTORS,121,GOLDEN STATE WARRIORS,113,False
2020-03-07 00:00:00+00:00,ATLANTA HAWKS,112,WASHINGTON WIZARDS,118,True
2020-03-07 00:30:00+00:00,SAN ANTONIO SPURS,120,BROOKLYN NETS,139,True
2020-03-07 00:30:00+00:00,OKLAHOMA CITY THUNDER,126,NEW YORK KNICKS,103,False
2020-03-07 01:00:00+00:00,INDIANA PACERS,108,CHICAGO BULLS,102,False
2020-03-07 01:00:00+00:00,ORLANDO MAGIC,132,MINNESOTA TIMBERWOLVES,118,False
2020-03-07 01:00:00+00:00,MIAMI HEAT,104,NEW ORLEANS PELICANS,110,True
2020-03-07 01:00:00+00:00,UTAH JAZZ,99,BOSTON CELTICS,94,False
2020-03-07 01:30:00+00:00,MEMPHIS GRIZZLIES,96,DALLAS MAVERICKS,121,True
2020-03-07 02:00:00+00:00,PORTLAND TRAIL BLAZERS,117,PHOENIX SUNS,127,True
2020-03-07 03:30:00+00:00,MILWAUKEE BUCKS,103,LOS ANGELES LAKERS,113,True
2020-03-07 22:00:00+00:00,HOUSTON ROCKETS,99,CHARLOTTE HORNETS,108,True
2020-03-08 00:00:00+00:00,UTAH JAZZ,111,DETROIT PISTONS,105,False
2020-03-08 00:30:00+00:00,DENVER NUGGETS,102,CLEVELAND CAVALIERS,104,True
2020-03-08 01:00:00+00:00,ATLANTA HAWKS,101,MEMPHIS GRIZZLIES,118,True
2020-03-08 01:30:00+00:00,PHILADELPHIA 76ERS,114,GOLDEN STATE WARRIORS,118,True
2020-03-08 03:00:00+00:00,SACRAMENTO KINGS,123,PORTLAND TRAIL BLAZERS,111,False
2020-03-08 19:00:00+00:00,CHICAGO BULLS,107,BROOKLYN NETS,110,True
2020-03-08 19:30:00+00:00,NEW ORLEANS PELICANS,120,MINNESOTA TIMBERWOLVES,107,False
2020-03-08 19:30:00+00:00,LOS ANGELES LAKERS,112,LOS ANGELES CLIPPERS,103,False
2020-03-08 22:00:00+00:00,OKLAHOMA CITY THUNDER,105,BOSTON CELTICS,104,False
2020-03-08 22:00:00+00:00,MILWAUKEE BUCKS,131,PHOENIX SUNS,140,True
2020-03-08 23:00:00+00:00,MIAMI HEAT,100,WASHINGTON WIZARDS,89,False
2020-03-08 23:00:00+00:00,INDIANA PACERS,112,DALLAS MAVERICKS,109,False
2020-03-08 23:00:00+00:00,ORLANDO MAGIC,126,HOUSTON ROCKETS,106,False
2020-03-08 23:30:00+00:00,DETROIT PISTONS,84,NEW YORK KNICKS,96,True
2020-03-08 23:30:00+00:00,SAN ANTONIO SPURS,129,CLEVELAND CAVALIERS,132,True
2020-03-09 01:00:00+00:00,TORONTO RAPTORS,118,SACRAMENTO KINGS,113,False
2020-03-09 23:30:00+00:00,CHARLOTTE HORNETS,138,ATLANTA HAWKS,143,True
2020-03-10 01:00:00+00:00,MILWAUKEE BUCKS,95,DENVER NUGGETS,109,True
2020-03-10 01:00:00+00:00,TORONTO RAPTORS,101,UTAH JAZZ,92,False
2020-03-10 23:00:00+00:00,NEW YORK KNICKS,115,WASHINGTON WIZARDS,122,True
2020-03-10 23:00:00+00:00,BOSTON CELTICS,114,INDIANA PACERS,111,False
2020-03-11 00:00:00+00:00,MINNESOTA TIMBERWOLVES,111,HOUSTON ROCKETS,117,True
2020-03-11 00:00:00+00:00,DALLAS MAVERICKS,109,SAN ANTONIO SPURS,119,True
2020-03-11 00:00:00+00:00,ORLANDO MAGIC,120,MEMPHIS GRIZZLIES,115,False
2020-03-11 00:00:00+00:00,CLEVELAND CAVALIERS,103,CHICAGO BULLS,108,True
2020-03-11 02:00:00+00:00,PHOENIX SUNS,105,PORTLAND TRAIL BLAZERS,121,True
2020-03-11 02:30:00+00:00,BROOKLYN NETS,104,LOS ANGELES LAKERS,102,False
2020-03-11 02:30:00+00:00,LOS ANGELES CLIPPERS,131,GOLDEN STATE WARRIORS,107,False
2020-03-11 23:00:00+00:00,DETROIT PISTONS,106,PHILADELPHIA 76ERS,124,True
2020-03-11 23:30:00+00:00,NEW YORK KNICKS,136,ATLANTA HAWKS,131,False
2020-03-11 23:30:00+00:00,CHARLOTTE HORNETS,109,MIAMI HEAT,98,False
2020-03-12 00:00:00+00:00,DENVER NUGGETS,97,DALLAS MAVERICKS,113,True
